-- phpMyAdmin SQL Dump
-- version 5.0.2
-- https://www.phpmyadmin.net/
--
-- Host: 127.0.0.1
-- Generation Time: Nov 25, 2022 at 12:43 PM
-- Server version: 10.4.14-MariaDB
-- PHP Version: 7.2.33

SET SQL_MODE = "NO_AUTO_VALUE_ON_ZERO";
START TRANSACTION;
SET time_zone = "+00:00";


/*!40101 SET @OLD_CHARACTER_SET_CLIENT=@@CHARACTER_SET_CLIENT */;
/*!40101 SET @OLD_CHARACTER_SET_RESULTS=@@CHARACTER_SET_RESULTS */;
/*!40101 SET @OLD_COLLATION_CONNECTION=@@COLLATION_CONNECTION */;
/*!40101 SET NAMES utf8mb4 */;

--
-- Database: `residential`
--

-- --------------------------------------------------------

--
-- Table structure for table `admin`
--

CREATE TABLE `admin` (
  `admin_name` varchar(50) NOT NULL,
  `admin_mail` varchar(50) NOT NULL,
  `admin_dob` date NOT NULL,
  `admin_add` varchar(50) NOT NULL,
  `admin_gender` varchar(50) NOT NULL
) ENGINE=InnoDB DEFAULT CHARSET=latin1;

--
-- Dumping data for table `admin`
--

INSERT INTO `admin` (`admin_name`, `admin_mail`, `admin_dob`, `admin_add`, `admin_gender`) VALUES
('Raj Kumar', 'raj@gmail.com', '2020-10-15', 'India', 'Mail'),
('Sirisha', 'siri@gmail.com', '2022-11-01', 'Japan', 'Female');

-- --------------------------------------------------------

--
-- Table structure for table `admin_login`
--

CREATE TABLE `admin_login` (
  `admin_id` int(11) NOT NULL,
  `password` varchar(50) NOT NULL,
  `username` varchar(50) NOT NULL
) ENGINE=InnoDB DEFAULT CHARSET=latin1;

--
-- Dumping data for table `admin_login`
--

INSERT INTO `admin_login` (`admin_id`, `password`, `username`) VALUES
(101, 'admin', 'admin');

-- --------------------------------------------------------

--
-- Table structure for table `apartment`
--

CREATE TABLE `apartment` (
  `a_id` int(11) NOT NULL,
  `a_type` varchar(50) NOT NULL,
  `a_add` varchar(50) NOT NULL,
  `a_rent` varchar(50) NOT NULL,
  `pid` int(11) NOT NULL
) ENGINE=InnoDB DEFAULT CHARSET=latin1;

--
-- Dumping data for table `apartment`
--

INSERT INTO `apartment` (`a_id`, `a_type`, `a_add`, `a_rent`, `pid`) VALUES
(1990, 'single', 'vijayawada', 'rent', 1778),
(1992, 'type', 'Raavi chetu center', '10000', 1778);

-- --------------------------------------------------------

--
-- Table structure for table `applicant`
--

CREATE TABLE `applicant` (
  `app_id` int(11) NOT NULL,
  `app_name` varchar(50) NOT NULL,
  `app_mobile` varchar(50) NOT NULL,
  `app_email` varchar(50) NOT NULL
) ENGINE=InnoDB DEFAULT CHARSET=latin1;

--
-- Dumping data for table `applicant`
--

INSERT INTO `applicant` (`app_id`, `app_name`, `app_mobile`, `app_email`) VALUES
(1022, 'Karunakar', '999998888', 'karun@gmail.com'),
(1233, 'Rahul', '888889999', 'rahul@gmail.com');

-- --------------------------------------------------------

--
-- Table structure for table `application_form`
--

CREATE TABLE `application_form` (
  `application_id` int(11) NOT NULL,
  `application_name` varchar(50) NOT NULL,
  `id_proff` longblob NOT NULL,
  `imgType` varchar(100) NOT NULL,
  `vtype` varchar(50) NOT NULL,
  `application_mail` varchar(50) NOT NULL,
  `password` varchar(50) NOT NULL,
  `application_mobile` varchar(50) NOT NULL,
  `application_gender` varchar(50) NOT NULL,
  `leasing` varchar(50) NOT NULL,
  `payment` int(11) NOT NULL,
  `iid` int(11) NOT NULL,
  `Status` varchar(50) NOT NULL
) ENGINE=InnoDB DEFAULT CHARSET=latin1;

--
-- Dumping data for table `application_form`
--

INSERT INTO `application_form` (`application_id`, `application_name`, `id_proff`, `imgType`, `vtype`, `application_mail`, `password`, `application_mobile`, `application_gender`, `leasing`, `payment`, `iid`, `Status`) VALUES
(1, 'shiva', 0x89504e470d0a1a0a0000000d49484452000001e0000001e008030000004a0a4ea70000005a504c544500000000003a000066003a3a003a900066b63a00003a00663a3a903a66b63a90db66000066003a66006666b6ff903a00903a6690dbdb90dbffb66600b6ffffbebebedb903adbdb90dbffffffb666ffdb90ffffb6ffffdbffffff15d4039c00000a2f49444154789ced9ddb7214571004e51b6030c636f88204ffff9b46040f105ecf2c7457776d45e68b5ea64b5d4a463b13a1e0dcbd8768eeb617002d080e07c1e120381c048783e070101c0e82c3417038080e07c1e120381c048783e070101c0e82c3417038080e07c1e120381c048783e070101c0e82c3417038080e07c1e120381c048783e070101c0e82c3417038080e07c1e120381c048783e070101c0e82c3417038080e07c1e120381c048783e070101c0e82c3417038080e07c1e120381c048783e070101c0e82c3417038080e275df05d8dedf5eb045438e4eecf0a013f9d800a8720787b013108de5e400c82b7171083e0ed05c420787b013108de5e400c82b7171083e0ed05c420787b013108de5e400c82b7171083e0ed05c420787b013108de5e400c82b7171083e0ed05c420f8f48afb271fff78e5fb3703dbf483e0b30bdebdfaf5e3d7b73ffe235f460082cf2e7878f9e68baf370682cf2ee00ebe6dce2b3cbce033f88609a8700882bf65e686fe2c1cc167173c3e5c3dfe96bef0117c0bf5117c76c107c11f1fa0ef7ffefa5903107c76c107bbf7cffeb9f89a740bf5117c76c1c38bef7effedf10e7ef69fdfd1b7501fc1e797bc7b75f7d3fbb7175e936ea13e829766a740f0d2ec14085e9a9d02c14bb353207869760a042fcd4e81e0a5d92910bc343b05829766a740f0d2ec14085e9a9d02c14bb353207869760a042fcd4e81e0a5d92910bc343b05829766a740f0d2ec14085e9a9d02c14bb353207869760a042fcd4e81e0a5d92910bc343b05829766a740f0d2ec14085e9a9d02c14bb353207869760a042fcd4e81e0a5d92910bc343b05829766a740f0d2ec14085e9a9d02c14bb353207869760a042fcd4e81e0a5d92910bc343b05829766a740f0d2ec14085e9a9d02c14bb353207869760a042fcd4e81e0a5d92910bc343b05829766a740f0d2ec14085e9a9d02c14bb353580abe2bf255dfebf48aff3f3f18c12b4b7ddd56a7171f9c3e8ae095a59a051f9c1f8ce095a5b8833f07c1a757fcfff9c1085e59aa5bb066760a047fcb7e9c1fbcb99444f0fdd30b27bc237865a9eea7e8179f6ed7ff7e08237865a9fe87ac0f6ab9837d96eaff15fdf0e2c7bf116cb394e233f8fec985b72404ef2cc56bd2e720b8b26761760a0457f62ccc4e81e0ca9e85d929105cd9b3303b05822b7b1666a7407065cfc2ec1408aeec59989d02c1953d0bb35320b8b26761760a0457f62ccc4e81e0ca9e85d929105cd9b3303b05822b7b1666a7407065cfc2ec1408aeec59989d02c1953d0bb35320b8b26761760a0457f62ccc4e81e0ca9e85d929105cd9b3303b05822b7b1666a7407065cfc2ec1408aeec59989d02c1953d0bb35320b8b26761760a0457f62ccc1e07f7fd2f4308aeec59983d0eeeeb8fe0ca9e85d9e3e0befe08aeec59983d0eeeeb8fe0ca9e85d9e3e0befe08aeec59983d0eeeeb8fe0ca9e85d9e3e0befe08aeec59983d0eeeeb8fe0ca9e85d9e3e0befe08aeec59983d0eeeeb8fe0ca9e85d9e3e0befe08aeec59983d0eeeeb8fe0ca9e85d9e3e0befe08aeec59983d0eeeeb8fe0ca9e85d9e3e0befe08aeec59983d0eeeeb8fe0ca9e85d9e3e0befe08aeec59983d0eeeeb8fe0ca9e85d9e3e0befe08aeec59983d0eeeeb8fe0ca9e85d9e3e0befe08aeec59983d0eeeeb8fe0ca9e85d9e3e0befe08aeec59983d0eeeeb8fe0ca9e85d9e3e0befe083ebd62e1785904f76d757af1c6e19408eedbeaf4e28de36511dcb7157770db8f72aa5ff767f0c2f1b208eedb8aa7e8b61fe5543fbd60f9f1b208eedbeaaad7a4e7aff915edd34ff090f5faf1fcd1673c6479f413bc26bd7dce6b924f3fd16b1277b04bbffed7a447c37ff119ecd28fd72451944b3f048ba25cfa215814e5d20fc1a228977e081645b9f443b028caa51f8245512efd102c8a72e9876051944b3f048ba25cfa215814e5d20fc1a228977e081645b9f443b028caa51f8245512efd102c8a72e9876051944b3f048ba25cfa215814e5d20fc1a228977e081645b9f443b028caa51f8245512efd102c8a72e9876051944b3f048ba25cfa215814e5d20fc1a228977e081645b9f443b028caa51f8245512efd102c8a72e9876051944b3f048ba25cfa215814e5d20fc1a228977e081645b9f443b028caa51f8245512efd102c8a72e9876051944b3f048ba25cfa215814e5d20fc1a228977e081645b9f443b028caa51f8245512efd102c8a72e9876051944b3f048ba25cfa215814e5d20fc1a228977edd82393fd8ac5fb3604e1f75ebd72c98f383ddfa71078ba25cfa757f06737eb0593f9ea245512efdf482393f78b59fe035e9bb3f78c8f2e92778c87af7ea39826dfa495e935eff8460977e9ad7a4bf7e788a608f7efdaf49cf1fbf5c384018c12bfd784d1245b9f443b028caa51f8245512efd102c8a72e9876051944b3f048ba25cfa215814e5d20fc1a228977e081645b9f443b028caa51f8245512efd102c8a72e9876051944b3f048ba25cfa215814e5d20fc1a228977e081645b9f443b028caa51f8245512efd102c8a72e9876051944b3f048ba25cfa215814e5d20fc1a228977e081645b9f443b028caa51f8245512efd102c8a72e9876051944b3f048ba25cfa215814e5d20fc1a228977e081645b9f443b028caa51f8245512efd102c8a72e9876051944b3f048ba25cfa215814e5d20fc1a228977e081645b9f443b028caa51f8245512efd102c8a72e9876051944bbf2dc17735fa7e0008fee27b55f66cdc1ac1a2ad107c75541f08b68cea03c196517d20d832aa0f045b46f5e125f8daf3833dad20f8ec82ab4f1ff5b482e0b30bae3e3fd8d30a82cf2ee00eeec74af0d5e7077b5a417065cfc6ad112cdaea5b2a5c3e3fd8d30a822b7b366e8d60d15608be3aaa0f2bc19f9eb12e3d6521f81bb112fcf1f8ef6b663dad20f8fc92875ffeb866d6d30a822b7b366e8d60d15608be3aaa0f045b46f58160cba83e106c19d507822da3fa40b065541f08b68cea03c196517d20d832aa0f045b46f58160cba83e106c19d507822da3fa40b065541f08b68cea03c196517d20d832aa0f045b46f58160cba83e106c19d507822da3fa40b065541f08b68cea03c196517d20d832aa0f045b46f58160cba83e106c19d507822da3fa40b065541f08b68cea03c196517d20d832aa0f045b46f58160cba83e106c19d507822da3fa40b065541f08f68c6a3bda0dc1e151080e8f4270781482c3a3101c1e85e0f02804874721383c0ac1e151080e8f4270781482c3a3101c1e85e0f02804874721383cca4bf0fd13ce0f6e8eb212cc09e0fd5156821f5ebef9e2ebe3cce5f383dbfea2253eaa98347607c30d70feafe1d3f9b2173e83e106a83c45c30d80e070101c0e82c3417038080e07c1e120381c048783e070101c0e82c3417038080e07c1e120381c048783e070101c0e82c3417038080e07c1e120381c048783e070101c0e82c3417038080e07c1e120381c048783e070101c0e82c3417038080e07c1e120381c048783e070101c0e82c3417038080e07c1e120381c048783e070101c0e82c3417038080e07c1e120381c048783e070101c0e82c3417038080e07c1e120381c048783e070101c0e82c3417038080e07c1e120381c048783e070fe05ef9bbedfc234dff70000000049454e44ae426082, 'image/png', '', 'shiva@gmail.com', 'shiva', '7777777777', 'Male', '2 years', 200, 1233, 'Approved'),
(2, 'avanthika', 0xffd8ffe000104a46494600010100000100010000ffdb008400090607131312151312131616151718171a1818181817181e1a1b19171818161a1d1a1d1d28201b1d251d171922312125292b2e2e2e18203338332c37282d2e2b010a0a0a0e0d0e1b10101b2e2620252f2d2d2d2d2d2f2d2d2d2d2f2d2d2d2d2d2d2d2d2d2d2d2d2d2d2d2d2d2d2d2d2d2d2d2d2d2d2d2d2d2d2d2d2d2d2d2d2d2dffc000110800b7011303012200021101031101ffc4001b00000202030100000000000000000000000405030600010207ffc4003e10000102040501060307040201040300000102110003042105123141516106132271819132a1b1142342c1d1e1f0155262f10782a2437292b2172433ffc4001a010002030101000000000000000000000001030002040506ffc4003111000103020306050305010100000000000100021103210412314151617191f01381a1b1c122d1e105143242f12392ffda000c03010002110311003f00f7078c78c6812aeb912fe22c4e82017068928b5a5c6022e370957da196371ef1d4bc7e51dc7bc285661da9dfb6aa04e529bc40ba940d5407ac04ac7a40f896079c51bb6c4069b4eb74abe200fcc427118a6d36e66c1f35a3098235aa063c96ce848b755e932e6050749062468f1ec3fb493298216953a4fc483fcb18f47c1fb4722a101495007749d418987c5b2ad8d8f7a26637f4bad8619f56ef1b39eef64e9a31a175562c8416627a8d20595da496a2c01f945aae370f48c54781cd73fc371d89db46340e2a2e90df10782634832aa442d34634739c3b6f1dc194169a31a37191145a68c68dc6445169a351d46445169a323232028b1a039e8ca5c6f063471352e20112110612a4d5905a081563785b5b2c8538de205cc61194922cb486829e8ab1cc706783a91d21126a1f48e553a01aa5114826e52ab94a839f6810d3296a1df4996a6d1682c7dbf7803ed2798d1c4c8205ef0bfa7bbfb850b158974d2d49caa0e3ade034e19250732517e5a034571e63bfb79e6192d2662fdf9a19084648aa52ca91f0f58d269268ff00d62475483012675de0915a798ae507f94f523d9178132db297b85ff7ff00e11910ff00513d63707c36f1ea7eea974ee6cd4a43a8803a968a476ee66754bc8a0431d0f94478fa4a98cc515294580d93cb08c9aa972a578d99b48ccec50c531c00868da76fd9743f4fa2ea4f6d5d7601bd55a870f2b5b2b365e60ec5309caa1dd0590d7b186471202483251e2d9c46e4f6d568396749f5118d9866b81ce63cbd9755d89c63aa173765b2cc7fbd556eb28a68170b23a8313e01884990a6a8f857b9b807f282f18edcad4929968487b731509784ce5b2a6cc194973fa452a53a54b574f3ff0012f155aa3a8f875dc1b3781736e5c57acff40a49e8cc10920f1fb402becf4b91f792b32480cc37f48a16138b5552cd225fff00c9ec8370dc8e22f34bda7953184c3915d4dbde2a6a3401112b8cdc5d56fd39cc6e930bb91da243f755204b5b59d988e90062b9250ef25ac3a88b3eaf15fed860c54bef42f383a1776843d9e4854f0853aba1737e8234b711e23608b8f429b46a31d5000209e45bcef7f75e828c4279caa330f8748609ad9eb2e27281f46f684936e72a02bc23c4cfb6a62cd370f9495254925293a971940cb6d7923e7080caee921e63990af88c38606937995aa4c7d52944d45ed62043ac3b1e9339d94de76785157866be0130359d596fc300ff0038acd44c0877a612824804b1173fe4f7f9c6da75f1145bf5dfbda60f559db418f077ecbfc2f51cc398ea3cca96bea9d82490aba1201f84e8493f58b850d54eca3bd4f76122e4905fd8c68c3e3fc524398446dd4758d9c5647528744a7b114e9c9487516109e4f682597723520756101ff520a24ab8d761c08bbbf50a160d7024e83befcae9adc2549398442b2a1608041707422248f2ec2fb473642d60a8e4cc48cc1c5ce9fe3170a1ed08240989ca0b32869fb79c1a58ea4fd6c7d15eb602a334b8f5e8ac3191ca560871a428c6f1d4c8492ce446aa951b4c6671b2c8c639eecad174e635143c27fe414aa604cf48424d82c3d8bee38eb17942c10082083a1114a55d9544b55eb507d230f095e2b28ec1e14a9c6b167a896e3a8849532388a546de5598e40292da40ca5c309b2ed01cf96f199daad010ca54628c68ca2fadb88da8b40565b13634164e9688973ad6178968d448bc5c04b28b418ef3441316479468ccf9c5d56510f1911e48c8284a4b3f1a1533190328468fbc058c534d242d3e36fc1cf94487b295d2579a5195313b8720fd3f38daa556853aa9d41b82957d0c730537b4061618df2175f098c697e4688dd27e7eca55d5a92104cb64fe2e9e9115455a58a8dc794055f55305d72e60ff00aabf48ad5663656ac8f913d431899c81a1f55d0141ad6e771b0d4a6c812e6cc39517e9195b40a5829cca09da26ecad421199241cc776da2c068c104949e854aca3da310a4fa8e2e6ae462dacaf5335110dd277af39526a10721214340776fce0a9120e509ca7ca2ed4786a14b42572c2b35810a008e0fa97d7a438a0c269c4d2521799165256081e8408d1e1124030070dbf1d1643842c37b8e1def54bc3708a83609985dd93b68ff486d8176526cba897382501295665baae1b57dad17b4d6cb4b00922d660fa6d144ff92310a9a854ba0a55042263aaa161dd32dd802760a2f6d4e5e1e2c061d8ecde247e2fe82fe825114dd98646c7aa754f8f25538a68a495098565552a0c861a8977ccb73a1f8752e63aad9027a532495020df296d35ff0071980e149909449932d665cb404e625dcea4df5249d05874867fd29649515250e189dd9ed02a53ad5b416922d6fa667fb45c98bc1bf25a9a594ff91bc0326e67cb67042fdbd59ca4a9b2b393f8adb4098ae2c26a172d4c116d77662f7d2f078c1e4a35987e5af9b4433fece80a729565f8895025d9daf6074b425b86c53416baa000924dc93bf6fe131aea1321a49d96840e1f8b4e39c9523c41c0d32a522c1fe820b994299d2e5a8cd989cdb3bbf2042c9f8ec895309949969dd4a74dac0e503424f4f730053f6b652a6654a1f297cce75249702f7f361e5a4475177f67076cbcc01234e3e7e6b438c9cf49b9743b376ebf0fb278ac152907ba98eb07e12dafe14f9f9c735b217dc4d21c1968cd953739c5dfab11a40553db048eec89692a52892e52580f85458121d9ed115276866665cd2925db2a0002da392eec6fb6d03c16d3707b391e51efa5a60c741ff678fab66f8e923dd30a2abfb4d1ae7a2510563f124a33291a6a34277813b0f5732ae9e677e8ee97de160410c84848b73e2cc3ce27afed43a03a728ddc80c001c7ab6f68452fb5b31492021296672c72abdefa6ae63736a36e22dddb92ce28548ddf0af1538ea644a741cc809f2e81a28f8fd725692a75390e03926fcbe8348553b159b354129bb9090121b7fd7681f16913828a7295a881f002b1c8161d1da14eace7c0dc9cda54e91d6e6fadca16aab5eca0ea55b6b08f55ff008aa7a8d2290a2f92610972f6202bea4c78f2e8674a654d95325b9fc495004eac0911ea3d939c8fb0065652e7e1d41cc61b49fe0bcbf703c12710054a797790bd1442fae96120a8b01bf4855438c058090a0e3566bdbe50063146aa920f7eb003d98338d2da1f58d2ff00d4691a59db79de40eb3bb6ae61c35463a0a2ea2b65ba3c5f112070e39e2389f2a14c9c2d69012b98e9b91624df588ab316295b2145490df13073a18c431e5adcd55b00c441079da4d87e158fd1aa3ca2359604a6c58295926008274eb0794c6ba751b504b7ec55b34a0972866768264206d1304470a93a65b43c2a95db08e65ad274bb44c116bc6912c0d04582a132b7191df766320c21298e78df7b10563cb04a8301bfca2393373fc37f28bc898522d3b1119df56882a244a23c52d27fea0c68ada325492594589f937485bea4586a98ca7373642ff4a940e732d20d8d868da5b985f892664d39650b0dc964824d9f757a437aeab094f841513a65fd6145461b3132d531095ad6a3a0515656d2dd3f38c356483944f7c3f2b7d01712636095bc1bb3f3513c4d9eb96181612c92e5c31622c3a4590ce0494a88f2e61751cb52a4854c494ce297bea08f875e585bac6ab6609483332854cc8080ed72cec4f9ebe71575473220013770266dbb89b72f85bda5ee82648b088d46e3bb8a9e6cd65300e936cbc5a1449a7a7a404dd4a5a8ad6b5952bc44848b9d76006c07480312c6552e582a6ef4e6703649e0f4b5ecf7b7154a30b2a3356bc83e2090a52b331ea4921f9b0249dcbae986349da666f7cb30604e83cf9706b689df6f7579a8ed1962a048481e458798b7ae9d364755da59b31c171f8806b58f4dfac2d995666979814940602c0927919ac5b91a1e3358da40817989416661e227fec15d75d9fde0552e7d9cefca7329b182436eb5558d3073995ffc8dceac3d6106378a2d2960920902c5c3b866f3f46b45a55592f27812840777090e5accedc98ac6272a5aafafe7b08ce5cc6bb49efafb2630792ae4813a66aa481ef054aa5963e398a047a8ea7471f38924c8512a21f2801fa39604fb42a9b254b9a5b365162773e51a87d477040920a754eb427c68515292433bea34506e3583d58e4cb970cc1929094b6fb8b9bf30bb03c1264d99ddca60a6d496000172ff002f588ea30d5849fbb596e84fada14e6b4ea6655fc41e6aebd98aa93552a6ca5a9e6b857c4ea01cd81018037059f5113230a96e9567c8942f310a40fc2a7cae72b07b3b18f3ec126d4f7e29e965f7738f8d4b5a4a4048762490f97ebe71e978552aa64d09a99609012b6d1218d94472e0303e6da45abd37332e53976680cee911d2e1637d76b439c4dbe782e2a70fff00f6155a45964654aac8cc404662ad48672c01bc34ecbaf27da0a9b377a525ae3c291a1e3c5158ed7e2df7fe1510120002d6cbb8f5fa473d8ca80a331216bca08500a20b124e620801c171af10ba6487489277dafbce802e632b8ad5c66dd006e856fc629d350854b9de241d2ec41bdc79420a4c2325a52662658fc2a7721f504ebcc5864c9399014c733b31f8831bf94155538a34b90c1810ee4b00dd4da1af6676dc4dfe38ee9d24c85d063cb0c37f0912a8672107e2cac54e0120eec46a0c0cac59494208988198f551f46de2c8b5cc28750caee3296d01637d22a33e88150eed6a428af33020be625c31db6f58cd51ada5544037075bd85fb99d569a2ef1010edfdca6b4f3579885cc52c17b101047913a8d6cd11a65a04e47832a1dca8b29c6bcf87ce00c4ea009abd086b5ed9836fd4bfb4054f8d22e8505248370a2fae8c4dc8825f71c396fe5ede889a20898d9f1d11b3ead2b51fbb0750140e8c5c5f98b253ab30048d85f9b6b153352121c330237e76fe73166c2ab077614a1e26b0316c1bc32a12e7588eb7eec123154816cb00452907631d6431cd3acad026294028923cd9ff283a92466fc43de3b54ce701c1735e0b4c143a531b4a2fcf486157489425c9f48da66c9963c4b483bde1c1897990dddafa08d475fd4e9bfbdfde320e5524a1fb6d4cb5524c4f7a949394026c1f30d4bc791613da2fb32d728675ea3305f849d3365d3ca3d1ffe5294bc92ce63dd97053b3eaf6be8fed1e5a2900dbd79e239789ac056702db8b77d575f074cf802fa927e3e11f8bf6ca6bfddb845b52e490c497dae3687fd99ed254a8c9ef925726666485caca54145c241005af6f588a83b292e7ca90664b5f8921d49b3788dc96e0bc58f04ecfc9a541972dcb12acef717b70ec5b68a92d044eb3f1d3adb7ec45d541111e9f3aa672305c882a2b2564b9cd71fe2091ab5b4b5b48ed0bee0054e9f997c26c4f461aff2f148c4fb453a428a09d0efbee0fac2baeed054a0e654b2337e22921fc9ed0457640c8d8efd4ae8b3f4caf52ee7820e9a491c2c481d76705e9a713131216af0a45c036259c5ef14ded0f68d4a98402d94162438e4923ae8036cf1c763abccecff00684ba15e14a9c8f137c294b31e49dade88b1f9484ce58ccc015062e4eae1ba318cce154bcb9d107adb69ef69594d1650a85912474bf779bd94f4e94ad257326e47b801ca8f52da3b8676fd7b4564a4a0f7694f8b72a4bad8ef774a5f7362d154afad5304a180e4002cdb91affb85f5150b6f0a9ad66b43594ad6b77b7551ee1372ae49c5522e45c5b51a7091a0f9c2ec4ab4299c91c8075e1ff58add3aa6285e631ea1e209aa5bb3b9f3f9459b86876b7f35535401309ecec6090ce4b301d1a3a938812fabdb88afd32fef022624a731d4ff00398b1e1b85288514233b2d2cea02ce090fb59c44a94d8cb151b51ced15825132e4a52c92a98a0a208774a791e6def06d04b933d5904a52267f882479f0079b4754386aa62c4c9c010c077695101235672d98f2cdf4316ba6a9ca9ca842123616f7b5a102a52d0b84797612de1c34174bb04c2574c66a9651e2002589258392486b6db9d209c3561283ddf854580396ff00aaa3a9d266ad4478003aa81b8df9eba4192674b940253f168f67d34fda2ffce034c013c4ecd3b0924c4975c9e9e68b5ca505e612dcd86624587a97e7684589e30644b9ab2acd32628849b5929d34dae5bca27abc6944654209d8ab40392790229fdb2592a44a4bf8522dd557302ad60e30c3acfdb70e37dfc960c61731827555dafab33092778b6762e5096092478ae7c81b07f58a8894e425b7bc5c70892a4a5362e54180b9670f6e229396234954fd3a8e62e79e43e7d15ba64d065b95f76d67bb370438de2998c62b3254f4ae529c2404d816213e22481b434ed24d9bdc809492a2b00000924b3b36eee22a785d5293559660214c414a8104121d883cc3ea9263d4af4f80606d2754b1d7e9b69ef1e6bd02931a973509984d9b4ebb83cde2af3b100854d01612ea5097a0213988b6f6f107ff001ea5bbed04b4ca58ee904265c84a9612192e545092aea74eb1592a5660b06e352fb9d7d233b81cdf57925526307d4c983bf74d95aa553a264b605dc5c821dc7a3427c4a81600722dc8b90367019b489f0ec6d6807324100338d80b87f527dcc314564b9c2ec6d77b11eb080430dbf0ac6420e54f7965d3702e92e7db63e91351562969ef42c1ca1f2dc35d883c9b3fb40f3a9d72c9ca5652cfc803a6f01c8a6cf39372ca04d8848510dcf2ff0028aba9870f62ab6d55b706c4cac0b0651d083ac5b28aa3c612025200bd807b3c566824a529b9293b80cec3abd844d32b815102c5b425dc697f58b331a70f03312274e1ba7fc9d936595f871549202b74e0264b3994003a7a447494d4e4d9292adc9d62ad4751354a6bd83be809d1896beba4134426248528f89f68eee0f142bd3cf11debcb72e6e230e683f2cab77749fed1ed19017dba3235e70b3e52bbed0a3348558386f4bc7982bb3b3a7a9d08395d957081d589fd23d5f15964cb2c3ac274d1f8129b92c0b3b37aec238b8f60fdc672360b6fb9d2c493c0093b16fc256f0e91037f4b21689391a5249644b4a407fed03f4378365c8406d14abf275dbca209e99894f86537397c44fb6b1061350a214549290ede20c5efcf46f78cb4eab83ce76ef3241b492604c69a7c2639b2d90786a3d5478c61d4d3184e94976d43f3b1178d9912e6f85939424d806b3009e840fd23271054a0a51661a68e5e37844bba921415994120b316673e7b1f48ab5cea95e2441d9cb4dbb6d78de9a65b4f536d35b4a0b06a3a925089889289433be4b148164d80cbe22741b03087b6fd8d54c5199266249000281756f7d7ac5e6a55dd050e4dbab583c2a4c82b566404836049b5bcf53e51bb3652da444bb5e36fc2507924d4b01cadf75e6f41d84a85485cc5a8a56952528410d9838ce497b30361c8807b7dd9d4ca9d28534a594cc194213995e30427cfc4e3d5e3d0bb618a7714ea5214e53a307be8e4021c02f67da15e078c2664a44e59495a4ac6670c0974beb6f0ebe6620c40cd98680c136bdb874d8ae5afcb276e8a9b88764aaa9a9ccf577632dd72c788a43b3b80c45eeda75827b3bd9c9f5652a553f749d7bd58ca001770924153f40dd63d3286419972c5279b82dcf378de3f3b2204b4ad96abbea481d387222cfa832e623bd83e55592e765efb0a935f83d34d1290b2b5194559b2b2428920b82c4e5b6dceb0c1484a52532c251602c34e3aefaf5eb03ca4104dfcaeefb3c48b2a0036a6c1fce39356b39e4026c362eab58da7fc54f26ac048b8b9dbccb75d07ca39562490a1e2b92c4b705bea5a020a490e1cb2896eb661d7ca01a95a8a0d865b9b9d0bb8f5627d4080da2d71ba2ae3475e12a4027c24e5f27d3e70362a95ca59528001d92acc1cd8b36fb9f680b05aa42e5f88b9490429870dfac6b1ec454424657524b66e2d70475b5e1d4a8b5ac01c2f323cf5f691c9642e22a5bcfbef553d256cb2a54cf130f892c3292767d7d38308b199af33312e54e49f3241f62e2265d1a244b391fc4b0b249d5440b007601c9e33010ba54954d5100d8ef003733e47fbc570314ff1eae56e9a05de154d9e681b02e4c5b57887744044b51045d6d6b7e17e7e509bb31405332605862860cce0be87f822eb22a033852585b4b3f5beb1a98d3044c1f55d1a74db4806c484b2a25266b1335650965644b670ab90494f8bc806d3531b961353926a1242e5964a9490094b90a491ab58f91f504855649ef72e542e61b96f09009bdc79730354624944c4b24a02bfb942e5d9c01b79c06d4ca20991ebbb9742b40248b0becf9dc4cfaed526312133652e492477995ca59fc24286b6d47ccc5731ca444a94944a945092b63317aa8b1396f73e6cd6b3c39c56866cf54a992a6654a093312189568cc76fde27935e5c3366496be8058a8f2ec3e905ce71741d0e9de9c75529b83002365c854f9148a4a4288b29c03cecf11092cacade123537f31160c46884d5e6ef180b0005b5bbdede909eb82a5019be17d43906c7f8d18b3b4b8b58656d692449b1415157cc96b58209402c012cde5f5822bea3b969c8072e6b8fed2ab66f2bdc79c7525692cec412ec2d6074f3da22ab3982a51b05023dc58fa5a2f2334c73e4ae3593fea7f8762e828215f12837eb13534925617f854e1ee4021ecfb5f98aa4ab4949ce01b784070efb9de186178f29259399c82e121c5b5f4684ba8e592dbf7eaa3ce625cdb4f7e4acf553cca09caacce6e83e5abbe90ef0baf42c5c32b4035b6d156955089b6579a7d7af9c651295294017bdc11068e25d873998001b46ff003f6d9c1677d0656696b8fd4343ddbd15eb2758c84e3139bfd8fd5b58c8ed0c7d12261dff0092b99fb2a9bc750aeeabc27c4ea3ba2193736dfd36870595a1d388867202bc2ad763cc6dc4d17556434c1df6f958a93c35d712372ac4ac49d412af0b9d75ff005ed1d6315e99696778dd752265cc2a55b706f6238da1653c9fb4cd5302a4a59c0396c5f557a1d23cc3c5424e1f574ea3771026e6db3aaebb4533ff004fea077dca157356b41cb626e1dc3ddaded066192cc8285392731b1d5d419c03a01eecf0c2a2993242400c068381aeb008c49961232807576f11d06b7f4115a7968d6ca6ce079f1db11d6db8ab971a8dfa4590ca54d5cd9854a5aa5958cb6272a5ae1b97b7a4138a4c952d00198482406e49b70e208554bd886cd6401b1d836f153c7a8e7fc24294a1e2600bd8f0dfc78bbaa9791f4c83b4cfb6c917824d884ca14b3b80262397d957bfe4cc5b2a65cb48177511a8f0e83adfe90476bf1b949969aa9003cd4a57940b129ca6e07f8b0f24c0151492a6ce4fda72f847852a2cf6d0faddbce1c52e26903bb4096187c2848b0f210f6546d1a4d606cc5cec064f2ff3d5687609ef713980d815b4e2425ca4aed9e60072821815004dc6a2f73bc269d2d5f6998eacc9d6e6ee4023d0681a20952c54a33a5633a08b380d70ff0021a7489fed23bc58dc80dec07e5157d7ce0f3d3758fb94a6d034891b63ecb8511943ed6b7ccc073946c1d8fb6978eaa2b53c862541fa8b9bc0a6a526e90e79d35ea7a4670c76a426805746d66b1bb6c74f7eb1c8202549b1034b0bbdbe8638ad985c253f894033804259ddb5677886b5c03b0b0f36b3fc8c3c34aa92a7a7521226662df76546fa0177f480a563e89d4c4a8844f48014922d312ece9eb776d98ed78515a82b502a496bb79ef162c06453cc95dd9972c94920ad8662f71d6cede91b590d65d64aa24dd0a9492901dc9fa458301a54e550001207ce37494894012929cc4ea5acda7b5c5a19534c4a16252000900861c963f4fac2e8b034dfb9586961c5216b9dfc11c85a112d45bc597c44072c01240e7768165d54b9a80649b025ddddf967b6bac63293e217ca2e9e46e7f9c401512121493299003964b1ead78152a9cba792d2c609d5114f4c8466294dff00128fc47d778e914a8987ef1370c539833595fafd222a3acef73a5246663949dc8dfe91c504a9a1466ce3952031777b6c06dbc25a2e1c2fdede4134cde4dfd51384a4b657698cca29d3300d998f9083a7e1c92a041282cc4801d4f60ee35e2392b4a42a624125594300491c961efe910c89935d4a5281d903603931a69b9911adfa763dc25bb31322ca534729bc282a2030752bf567ead151ed1ce5993f768cc9fc6ad72b10c5b5e6fb45ce9a427215b246727311e12425c6baf311211232348090a58397374b79eb05b4da487404039c2752bcc692bf2a5cebf36e073024cc781512849245b4b3feb16c959644c0914c028ac905945201202acd66befc44d5fd9b026a26254101f39482de2773a0663fb45435924c4f7f75b0d42226ddf054535cc9f855e173a7ed68b1f662a822592082546e59bd3e9164a35c99bf764652e1896b91a0ea3a457abe99499c5040cc0b9cba1d0dbd18b6b0bace6d4616ecda9d846e77c3b77709ac8a852c912a5171a38cb7ea746d61f5252ab3f886a1df822f00d0ad52a52573484860c9dfa3f5ddb6de17d3f691654a26c972c3800fed18c9cce98d37477f237a8cc3bea48a7b158fbf57e14db6f108c85d2cd8312de51b847ee9fd8fc21fb55ea535600e22104106c6fa936f58dad81d4926fe51155cd60e7760c7ac7b5257980107890ef65292139ce82f95fd7f8f08b0c4896bcab5141012cd6cdb104f4b7bc580a5ae4b9f66e83a42fc6293bf428a6ca162dad8d8fd239b8cc26770abab9bb3673dfea63645d6ca15b28f0cd81dbdd9775eace9caec7ac012fb3a3bc4cc24f841d5989d8f3673e76d37e68a44d4210899798a245af6bb171a061f3860ace94e598a73d093effb4630d6bdc5ce619df6dd307af3e4b4496086b903512c1516374fe2e0f4e20944eceff8b2b5cbbc0350a6225cb428927c475d58124ec224988eec100f894413d00007e5f3314a36cce1a70d244d84eeff00559f70074f45cc99729427f7925010a64ac90095048d4b5ece7ac56714ecccb01e9aa112d274ce337b1cc1e1e53e20d32620a49240639491d43ec621c5d1df24b302059276d9e21a81cc169e1e6678470e89b4dce63ac627ec37fbaa548c2d5de2954f352a5592a524148f09ba4aaee6fa44d22a521442c82a0a2091d09d21a499a24a7baf1380fe21abea5d99fca10552912ee94bcb2ef73627f78ceffa9d948bece23dfc96a638ed2a2c4698e6cde163a1bfe5bfef032d73b285001291ad9fa825f53689e9aacebb3963ab711d26594a82be249b726f0d6b8b6c53a732830d9933bd415ac14a492ccdaf4e60eae9e32b8e0bf5bbc49579728094b163b1decdfb45830fc0d0a40cf203efe370feff004106f55d29151c1a332aa60546b9f314a481dd4b1949503e359d5b866f9f586f514d250bfb99602a597594eda59b41ac5b512909cb2d290fb212c1b725be77802a32cb9930e505735687d0064a4240f409f9c3ea963013a2c81ce7b94f2d0532deeea50d7d042c952c7da556512d99c58036cafb9b710f25d42543c6a4a59c972c19d9dcb44788d0c91300512edceac7485bdc053f1365955b39b29d50b2e62d4a5029f0ec5eefb86de03594e612db2a80749d330fc5ecf71d622c6a62a52077454c15a8be57e7a3ef112ea525083354952d371616d896f2de106bb7202e1264c4734e6d2336d14f4b5011373252ce0850b73a8eb1630b4ce94526e086bdbc8f4847f640ab24921c9006cfb3ff003682e9d3365292929749b3872dd0da2d877ba24996955aad6936d42653e5a501294060db9736d9f78daf2ac27c22ca054cc1fa751d23aab214904065017102504c3983ef0a78a94b139a7e9740e5a01b37d8f028361d4f88efbe499d5a5246520171a42f4a194c120b5c743c0e20c5be653b004003906ee78e23939536425d47751ddb5ff4d1beac17076907cfb292cb0840cdad4857761939be227476dcff0036819129d4ff00dafa7b3c29c6a699731456485120849e19adc8704bc4b4d5a544ac6ba5adf28e4624b9cfcce9816da3d0e9cd7669e19cca799ba11dfd930aa453cc504cef8c0705c82068fd75ea23ac1b02a647de48cd32ea21454e1cbbdd803771bb46e9172e6a8cb510674b01452c1c0568a4f2367167707885d8d63ab9134164f74124a3c4c14c1940dac4122d7d4790ebb61ad05c3773ec4f12b944ba72b1c76cdedf7beeb2271bc0d07c4b9b2e5a80240724df5b6b731539744a0ee3c3c8bd9edfce912633da6ef5291de202039ca123313c3f01ff0078270b42974fde22ec4387beac7eb18aa814c0cb20697999e67bbaebe16bb8321eee5cbcbe651126c90066f988c891381d5286612e6b1ff1546e32f84fdc7a14dfdc3378eabd7096d9df56882a585ceda79982058971aee3e511cc4858b8d2fe71ec885e2c141ae573af1b5e029730a56e6c97653f516020f28776b01f9dff0038827a438716620eff00cde2a55c21b1390afc0f987c2470605a44a821456b51b9054c4871e776eb06ce9c54c059253a9376d1ada447229e622c54952361bdf5bf11c77b1be392c07683b81e2396dbece67731e453831b39f7c10f224a828cd331e5907c013bdbc599df6d1b78e17884921d280403a91bfd638c50996c1371ee00fc842cc3a428f788292659b85b3072e08fa690a73c8229375039f7cd35ad919cfd9344d509c839142db7d6151908924ad673295a077ff70062b882a9113172e5e60848f15ee780db0dfca28b87768ea6a67a05b836d5f9825a5edcc00246d3a4f23e9add5dac831363d7f1e8adb3e6a97341ca0a55a25be1bb6bc989710ecea72820100da6278ff2112d08caa49501f15c0bdc43c4ce4bb294c4ec77f28c945ed7821c6f303dfdd68ac1d4c8cbb953a8704caf2f2248670b24f8ba743fa44070d5a09094a801cb91ef17da7c18667cc729fc2d6f7e3d225ad4948c894848e763cc37c2a9966a7a5e4fc732943100186f7dee5e6330bb858506d802e7c9b5f486d5466cb41cb3e6a25a98a12b51cee47c2e6edbb1bebb45af153dccb428213994a0924d82417b960edd3ac56b19c03be20ae7b00361bf4bb0f68bb18e6fd24474fbcfa286a87c1526194329233a6a165f2660b0e1d2c54c40173beb0656e214f63312898949cd6d6dc727a59e12524b4d39eef3a94853939aec6d77e2da4453e995341eecbea094b30f7de3397bdb5226dcac9a181c24ab2ceaaa6a9a74842159262b2a92cc42124bb81a0395bc89806ab0f520e775ce94c54949b940e2e5d56f336812794ca943c2a9607f692c0fa730aa97149492b26710b5103295657176b69cc47d57d606d6e03e47bfc2ab2986687aa734389859214035edad8f3d23ba5c27ef0251a2f46d86ee7a42346252c662123383a872e36f173d22d581cc5aa5a4c8967c42ee08cbeed0bf061c05f29d8355773e0121135d51dcaa5a112d5306800df924b30bf3cf486f4808012403983a83e8780778ee9b087214a6496f15f33f1d21a2a9653004153756fa7eb1d8a5877dcc47a6cd37c4705cda959b61aa59f644bb87bf589a8f0c0905926e5f9f6e2194b5a53f0a523d3f38e6655c691866ea524d6768103554b3025665a415b1cb98b07d9eef014ba1a960565399989748fa1866baa88555279826834ed3d7f0a36b11b025953806700cc0998a03282b5a8902fbdef7d75eb02d3f66169502662320fc2124dbaa8a9cc39334f31acf15761293bf9094d18dac04036ef4d83c90c7044664ac148526c92121d2fab1d58f10bf1aec2d255cd136a173544000252b0948e48012ee77bf10e7bc8e4ce87329359fc520d473b5297e1dd8cc3a4fc14e0ffef52d7ffd8c3ca7eee506972d081fe2909fa428a8c4929defc404aaf2a37b083001940b9ce104f7ecacbfd4bac6456bbd0763191339432af419c39f28e15312fab7f3e71384c44a166e4187948422e5a76717d526f7da055a0ddc8b74dbe90c2633072d6dda00a895c122db13e7b5a2a55c2224c949400ec6e3e7004dc366824a1940ec0fe4622fbc492ca7f305dce8091afb18224d61619d9f94bc26a51654d42632a399a21554cb17286e8638ab92b980824e56f8516f4cdafb343897536b1b475dfa59880ded19bf64034b5ae31dee4d15cccc5d568d113972282199d2a4e6053befac10bc229c05a5284e650bedb6dc41e8c3248254954d04f2b2b1e8144b4713b044ad49519a4807e166fa18ce30b55a20b43bcc6dd75f81e49de3b09fe447914b29b0b203cc09705dc0d80b456310c724a262a64c72c72cb4b396dd597f38b7e254d56a99e109329b40a0e58eee059a17f683b2c8a9fbcca51358024870407d86f7d612ea1f54069b6f1af227bf44e6551fd9daeed880c2bb4fdfab2214199d9bc4c3571a886736690c157dfda17e0380265b2838282a492a494920f98d1da1bcd900973668b318e8bf6155e581df4aaee2d89a4ba173428a8d936f0b3583793f3ac2da6c004ca8255e293f1904bf883009ff00dbbfbc34c43b3932a145489625bb825645ef620076782b01eca4e929299b52160821821981d8289bfb45451aaf7e68fceb113c533c5631b00f7e490e2321289cb33a70cd33284a05b224380dee4927789e6d2f784c892b520a18781048d010e59b7e445a4767e9028ad52fbc59fc4b2547e76107267848648004681812e76775bd7f0907140086cfb2a6617d9cad5664cc54b097f89d46dd1240fac19ffe3ca452fbca85ae6a9dd9f2246d609bfb931625ce2778e0cc8d34f094a99cc05d25f89a8fe0b74586d3490d2a4a13e490fefac1299ada3080fbc8cef843c340d124927546f7d1866c026a0444bab105484c153a20995309ea7184a6c541f8dfda17cfc68fe142947a7eb1250856354e88ccf8add2d6cf5bba0240d1dc9fca3aa89734827bc29e180fd204a30ac06a473114caf48d481eb0925e1a4dd6b59e998ffa8924e18800b27524ff000c4cca42226e3d2c160a73b04b980a7e23354580cbec4fcb4827fa7070c180898519d833c0946102994ad7d6f054b976d7f68391427ac4b2e8747dad011412488c83554a388dc15255e548f4f288fbb3a151f3611da967fb5fcbf48d663d634596512a39b286feba40cb404b587171042e583a120f00fe4620549bdc9f9454ab8280aa581a9207d7d7485d39434d7d5be635879324d9b57bf3fcf9401365b0b381c37f2d158570953141252b3e56fd2f0448c5c68ab75da389acc410ee76b7e50aeaaefe057fe27d62a4c22ac3df6e0c749ab8a822a264b3605b83a7ed0449c6d24b2bc2ae0efe5cc19515b05618d8ad8408ae1cc4a2a8444213a5d5bc0c541dda17fdaa39555880403aa20c68991a83112e742d995e06f0be76372c160acc78482afa69125484f153a205d48108e6e21355f04bd77516f9081fba9ca1e2581d136f9b13025184f97582065e269fee1ef099383b975a8a8f5248f9c1a9c353fb44cc8c2d4ec7509dc9f20630e2a4e893eb6f7d626fb2278f2ff513cba7d1c7e9f580a425aba89caf840f3d7f3688850cc55e64c51e80b0f64c3a527fd6bedc4752e989b90c20229748c3102e523d9e0c5ca02dbec041c2986a418224528176bef1104ba4d2da264d27cb4fd619f74c3a9dec5a26968036f582a4a58693a44d2a8c0d439e20e27911db163f5d222883954aef602f124da616d22509d78fe7ca3693c966da228a24d3f50cd1b42183b7ecf120e9a98d250e5beb1105ce41fc1191d64fe5e37114563298e542323234959828d6ab1602219a9511f0b7a831b8c8a6aae2c819d28101c5ba16fa0b40e28923751ffb287a46464555c2127ca48bb1d79780a714b6a03f43fa464640564b6a5492e0107d08853554f983b068c8c8a1570957d9a7a0f827787fb480af9da0f91533ace525f4d47e7191901052aeaa77f8fcff005884ae7abf6207e4632322128c2906124dd6b26fa3930ce9e8129b02de91a8c88a29c493f858f9bc4e9a13b91e823232228884d20b4489a37700911919055656e55001a5cf58ec490dd23232222a5974b7bde3b12ba6ec348c8c88a2925481aaae78d22748670c34bf48c8c8882d686e1fa472b5126371900a2bb4a0e83cde390b0e75f3fac6464141729bf94759343fcf38c8c88a2ee5c9238bfd233bbbfa711a8c8b4212b4c0ff000c6a32322420bfffd9, 'image/jpeg', '', 'avanthika@gmail.com', '1234', '9898989898', 'Female', '3 years', 200, 1235, 'Approved');

-- --------------------------------------------------------

--
-- Table structure for table `application_form1`
--

CREATE TABLE `application_form1` (
  `application_id` int(11) NOT NULL,
  `application_name` varchar(50) CHARACTER SET latin1 NOT NULL,
  `id_proff` longblob NOT NULL,
  `imgType` varchar(100) CHARACTER SET latin1 NOT NULL,
  `vtype` varchar(50) NOT NULL,
  `application_mail` varchar(50) CHARACTER SET latin1 NOT NULL,
  `password` varchar(50) CHARACTER SET latin1 NOT NULL,
  `application_mobile` varchar(50) CHARACTER SET latin1 NOT NULL,
  `application_gender` varchar(50) CHARACTER SET latin1 NOT NULL,
  `leasing` varchar(50) CHARACTER SET latin1 NOT NULL,
  `payment` int(11) NOT NULL,
  `iid` int(11) NOT NULL,
  `Status` varchar(50) CHARACTER SET latin1 NOT NULL
) ENGINE=InnoDB DEFAULT CHARSET=utf8mb4;

--
-- Dumping data for table `application_form1`
--

INSERT INTO `application_form1` (`application_id`, `application_name`, `id_proff`, `imgType`, `vtype`, `application_mail`, `password`, `application_mobile`, `application_gender`, `leasing`, `payment`, `iid`, `Status`) VALUES
(2, 'parvathi', 0xffd8ffe000104a46494600010100000100010000ffdb008400090607131312151312131616151718171a1818181817181e1a1b19171818161a1d1a1d1d28201b1d251d171922312125292b2e2e2e18203338332c37282d2e2b010a0a0a0e0d0e1b10101b2e2620252f2d2d2d2d2d2f2d2d2d2d2f2d2d2d2d2d2d2d2d2d2d2d2d2d2d2d2d2d2d2d2d2d2d2d2d2d2d2d2d2d2d2d2d2d2d2d2d2d2dffc000110800b7011303012200021101031101ffc4001b00000202030100000000000000000000000405030600010207ffc4003e10000102040501060307040201040300000102110003042105123141516106132271819132a1b1142342c1d1e1f0155262f10782a2437292b2172433ffc4001a010002030101000000000000000000000001030002040506ffc4003111000103020306050305010100000000000100021103210412314151617191f01381a1b1c122d1e105143242f12392ffda000c03010002110311003f00f7078c78c6812aeb912fe22c4e82017068928b5a5c6022e370957da196371ef1d4bc7e51dc7bc285661da9dfb6aa04e529bc40ba940d5407ac04ac7a40f896079c51bb6c4069b4eb74abe200fcc427118a6d36e66c1f35a3098235aa063c96ce848b755e932e6050749062468f1ec3fb493298216953a4fc483fcb18f47c1fb4722a101495007749d418987c5b2ad8d8f7a26637f4bad8619f56ef1b39eef64e9a31a175562c8416627a8d20595da496a2c01f945aae370f48c54781cd73fc371d89db46340e2a2e90df10782634832aa442d34634739c3b6f1dc194169a31a37191145a68c68dc6445169a351d46445169a323232028b1a039e8ca5c6f063471352e20112110612a4d5905a081563785b5b2c8538de205cc61194922cb486829e8ab1cc706783a91d21126a1f48e553a01aa5114826e52ab94a839f6810d3296a1df4996a6d1682c7dbf7803ed2798d1c4c8205ef0bfa7bbfb850b158974d2d49caa0e3ade034e19250732517e5a034571e63bfb79e6192d2662fdf9a19084648aa52ca91f0f58d269268ff00d62475483012675de0915a798ae507f94f523d9178132db297b85ff7ff00e11910ff00513d63707c36f1ea7eea974ee6cd4a43a8803a968a476ee66754bc8a0431d0f94478fa4a98cc515294580d93cb08c9aa972a578d99b48ccec50c531c00868da76fd9743f4fa2ea4f6d5d7601bd55a870f2b5b2b365e60ec5309caa1dd0590d7b186471202483251e2d9c46e4f6d568396749f5118d9866b81ce63cbd9755d89c63aa173765b2cc7fbd556eb28a68170b23a8313e01884990a6a8f857b9b807f282f18edcad4929968487b731509784ce5b2a6cc194973fa452a53a54b574f3ff0012f155aa3a8f875dc1b3781736e5c57acff40a49e8cc10920f1fb402becf4b91f792b32480cc37f48a16138b5552cd225fff00c9ec8370dc8e22f34bda7953184c3915d4dbde2a6a3401112b8cdc5d56fd39cc6e930bb91da243f755204b5b59d988e90062b9250ef25ac3a88b3eaf15fed860c54bef42f383a1776843d9e4854f0853aba1737e8234b711e23608b8f429b46a31d5000209e45bcef7f75e828c4279caa330f8748609ad9eb2e27281f46f684936e72a02bc23c4cfb6a62cd370f9495254925293a971940cb6d7923e7080caee921e63990af88c38606937995aa4c7d52944d45ed62043ac3b1e9339d94de76785157866be0130359d596fc300ff0038acd44c0877a612824804b1173fe4f7f9c6da75f1145bf5dfbda60f559db418f077ecbfc2f51cc398ea3cca96bea9d82490aba1201f84e8493f58b850d54eca3bd4f76122e4905fd8c68c3e3fc524398446dd4758d9c5647528744a7b114e9c9487516109e4f682597723520756101ff520a24ab8d761c08bbbf50a160d7024e83befcae9adc2549398442b2a1608041707422248f2ec2fb473642d60a8e4cc48cc1c5ce9fe3170a1ed08240989ca0b32869fb79c1a58ea4fd6c7d15eb602a334b8f5e8ac3191ca560871a428c6f1d4c8492ce446aa951b4c6671b2c8c639eecad174e635143c27fe414aa604cf48424d82c3d8bee38eb17942c10082083a1114a55d9544b55eb507d230f095e2b28ec1e14a9c6b167a896e3a8849532388a546de5598e40292da40ca5c309b2ed01cf96f199daad010ca54628c68ca2fadb88da8b40565b13634164e9688973ad6178968d448bc5c04b28b418ef3441316479468ccf9c5d56510f1911e48c8284a4b3f1a1533190328468fbc058c534d242d3e36fc1cf94487b295d2579a5195313b8720fd3f38daa556853aa9d41b82957d0c730537b4061618df2175f098c697e4688dd27e7eca55d5a92104cb64fe2e9e9115455a58a8dc794055f55305d72e60ff00aabf48ad5663656ac8f913d431899c81a1f55d0141ad6e771b0d4a6c812e6cc39517e9195b40a5829cca09da26ecad421199241cc776da2c068c104949e854aca3da310a4fa8e2e6ae462dacaf5335110dd277af39526a10721214340776fce0a9120e509ca7ca2ed4786a14b42572c2b35810a008e0fa97d7a438a0c269c4d2521799165256081e8408d1e1124030070dbf1d1643842c37b8e1def54bc3708a83609985dd93b68ff486d8176526cba897382501295665baae1b57dad17b4d6cb4b00922d660fa6d144ff92310a9a854ba0a55042263aaa161dd32dd802760a2f6d4e5e1e2c061d8ecde247e2fe82fe825114dd98646c7aa754f8f25538a68a495098565552a0c861a8977ccb73a1f8752e63aad9027a532495020df296d35ff0071980e149909449932d665cb404e625dcea4df5249d05874867fd29649515250e189dd9ed02a53ad5b416922d6fa667fb45c98bc1bf25a9a594ff91bc0326e67cb67042fdbd59ca4a9b2b393f8adb4098ae2c26a172d4c116d77662f7d2f078c1e4a35987e5af9b4433fece80a729565f8895025d9daf6074b425b86c53416baa000924dc93bf6fe131aea1321a49d96840e1f8b4e39c9523c41c0d32a522c1fe820b994299d2e5a8cd989cdb3bbf2042c9f8ec895309949969dd4a74dac0e503424f4f730053f6b652a6654a1f297cce75249702f7f361e5a4475177f67076cbcc01234e3e7e6b438c9cf49b9743b376ebf0fb278ac152907ba98eb07e12dafe14f9f9c735b217dc4d21c1968cd953739c5dfab11a40553db048eec89692a52892e52580f85458121d9ed115276866665cd2925db2a0002da392eec6fb6d03c16d3707b391e51efa5a60c741ff678fab66f8e923dd30a2abfb4d1ae7a2510563f124a33291a6a34277813b0f5732ae9e677e8ee97de160410c84848b73e2cc3ce27afed43a03a728ddc80c001c7ab6f68452fb5b31492021296672c72abdefa6ae63736a36e22dddb92ce28548ddf0af1538ea644a741cc809f2e81a28f8fd725692a75390e03926fcbe8348553b159b354129bb9090121b7fd7681f16913828a7295a881f002b1c8161d1da14eace7c0dc9cda54e91d6e6fadca16aab5eca0ea55b6b08f55ff008aa7a8d2290a2f92610972f6202bea4c78f2e8674a654d95325b9fc495004eac0911ea3d939c8fb0065652e7e1d41cc61b49fe0bcbf703c12710054a797790bd1442fae96120a8b01bf4855438c058090a0e3566bdbe50063146aa920f7eb003d98338d2da1f58d2ff00d4691a59db79de40eb3bb6ae61c35463a0a2ea2b65ba3c5f112070e39e2389f2a14c9c2d69012b98e9b91624df588ab316295b2145490df13073a18c431e5adcd55b00c441079da4d87e158fd1aa3ca2359604a6c58295926008274eb0794c6ba751b504b7ec55b34a0972866768264206d1304470a93a65b43c2a95db08e65ad274bb44c116bc6912c0d04582a132b7191df766320c21298e78df7b10563cb04a8301bfca2393373fc37f28bc898522d3b1119df56882a244a23c52d27fea0c68ada325492594589f937485bea4586a98ca7373642ff4a940e732d20d8d868da5b985f892664d39650b0dc964824d9f757a437aeab094f841513a65fd6145461b3132d531095ad6a3a0515656d2dd3f38c356483944f7c3f2b7d01712636095bc1bb3f3513c4d9eb96181612c92e5c31622c3a4590ce0494a88f2e61751cb52a4854c494ce297bea08f875e585bac6ab6609483332854cc8080ed72cec4f9ebe71575473220013770266dbb89b72f85bda5ee82648b088d46e3bb8a9e6cd65300e936cbc5a1449a7a7a404dd4a5a8ad6b5952bc44848b9d76006c07480312c6552e582a6ef4e6703649e0f4b5ecf7b7154a30b2a3356bc83e2090a52b331ea4921f9b0249dcbae986349da666f7cb30604e83cf9706b689df6f7579a8ed1962a048481e458798b7ae9d364755da59b31c171f8806b58f4dfac2d995666979814940602c0927919ac5b91a1e3358da40817989416661e227fec15d75d9fde0552e7d9cefca7329b182436eb5558d3073995ffc8dceac3d6106378a2d2960920902c5c3b866f3f46b45a55592f27812840777090e5accedc98ac6272a5aafafe7b08ce5cc6bb49efafb2630792ae4813a66aa481ef054aa5963e398a047a8ea7471f38924c8512a21f2801fa39604fb42a9b254b9a5b365162773e51a87d477040920a754eb427c68515292433bea34506e3583d58e4cb970cc1929094b6fb8b9bf30bb03c1264d99ddca60a6d496000172ff002f588ea30d5849fbb596e84fada14e6b4ea6655fc41e6aebd98aa93552a6ca5a9e6b857c4ea01cd81018037059f5113230a96e9567c8942f310a40fc2a7cae72b07b3b18f3ec126d4f7e29e965f7738f8d4b5a4a4048762490f97ebe71e978552aa64d09a99609012b6d1218d94472e0303e6da45abd37332e53976680cee911d2e1637d76b439c4dbe782e2a70fff00f6155a45964654aac8cc404662ad48672c01bc34ecbaf27da0a9b377a525ae3c291a1e3c5158ed7e2df7fe1510120002d6cbb8f5fa473d8ca80a331216bca08500a20b124e620801c171af10ba6487489277dafbce802e632b8ad5c66dd006e856fc629d350854b9de241d2ec41bdc79420a4c2325a52662658fc2a7721f504ebcc5864c9399014c733b31f8831bf94155538a34b90c1810ee4b00dd4da1af6676dc4dfe38ee9d24c85d063cb0c37f0912a8672107e2cac54e0120eec46a0c0cac59494208988198f551f46de2c8b5cc28750caee3296d01637d22a33e88150eed6a428af33020be625c31db6f58cd51ada5544037075bd85fb99d569a2ef1010edfdca6b4f3579885cc52c17b101047913a8d6cd11a65a04e47832a1dca8b29c6bcf87ce00c4ea009abd086b5ed9836fd4bfb4054f8d22e8505248370a2fae8c4dc8825f71c396fe5ede889a20898d9f1d11b3ead2b51fbb0750140e8c5c5f98b253ab30048d85f9b6b153352121c330237e76fe73166c2ab077614a1e26b0316c1bc32a12e7588eb7eec123154816cb00452907631d6431cd3acad026294028923cd9ff283a92466fc43de3b54ce701c1735e0b4c143a531b4a2fcf486157489425c9f48da66c9963c4b483bde1c1897990dddafa08d475fd4e9bfbdfde320e5524a1fb6d4cb5524c4f7a949394026c1f30d4bc791613da2fb32d728675ea3305f849d3365d3ca3d1ffe5294bc92ce63dd97053b3eaf6be8fed1e5a2900dbd79e239789ac056702db8b77d575f074cf802fa927e3e11f8bf6ca6bfddb845b52e490c497dae3687fd99ed254a8c9ef925726666485caca54145c241005af6f588a83b292e7ca90664b5f8921d49b3788dc96e0bc58f04ecfc9a541972dcb12acef717b70ec5b68a92d044eb3f1d3adb7ec45d541111e9f3aa672305c882a2b2564b9cd71fe2091ab5b4b5b48ed0bee0054e9f997c26c4f461aff2f148c4fb453a428a09d0efbee0fac2baeed054a0e654b2337e22921fc9ed0457640c8d8efd4ae8b3f4caf52ee7820e9a491c2c481d76705e9a713131216af0a45c036259c5ef14ded0f68d4a98402d94162438e4923ae8036cf1c763abccecff00684ba15e14a9c8f137c294b31e49dade88b1f9484ce58ccc015062e4eae1ba318cce154bcb9d107adb69ef69594d1650a85912474bf779bd94f4e94ad257326e47b801ca8f52da3b8676fd7b4564a4a0f7694f8b72a4bad8ef774a5f7362d154afad5304a180e4002cdb91affb85f5150b6f0a9ad66b43594ad6b77b7551ee1372ae49c5522e45c5b51a7091a0f9c2ec4ab4299c91c8075e1ff58add3aa6285e631ea1e209aa5bb3b9f3f9459b86876b7f35535401309ecec6090ce4b301d1a3a938812fabdb88afd32fef022624a731d4ff00398b1e1b85288514233b2d2cea02ce090fb59c44a94d8cb151b51ced15825132e4a52c92a98a0a208774a791e6def06d04b933d5904a52267f882479f0079b4754386aa62c4c9c010c077695101235672d98f2cdf4316ba6a9ca9ca842123616f7b5a102a52d0b84797612de1c34174bb04c2574c66a9651e2002589258392486b6db9d209c3561283ddf854580396ff00aaa3a9d266ad4478003aa81b8df9eba4192674b940253f168f67d34fda2ffce034c013c4ecd3b0924c4975c9e9e68b5ca505e612dcd86624587a97e7684589e30644b9ab2acd32628849b5929d34dae5bca27abc6944654209d8ab40392790229fdb2592a44a4bf8522dd557302ad60e30c3acfdb70e37dfc960c61731827555dafab33092778b6762e5096092478ae7c81b07f58a8894e425b7bc5c70892a4a5362e54180b9670f6e229396234954fd3a8e62e79e43e7d15ba64d065b95f76d67bb370438de2998c62b3254f4ae529c2404d816213e22481b434ed24d9bdc809492a2b00000924b3b36eee22a785d5293559660214c414a8104121d883cc3ea9263d4af4f80606d2754b1d7e9b69ef1e6bd02931a973509984d9b4ebb83cde2af3b100854d01612ea5097a0213988b6f6f107ff001ea5bbed04b4ca58ee904265c84a9612192e545092aea74eb1592a5660b06e352fb9d7d233b81cdf57925526307d4c983bf74d95aa553a264b605dc5c821dc7a3427c4a81600722dc8b90367019b489f0ec6d6807324100338d80b87f527dcc314564b9c2ec6d77b11eb080430dbf0ac6420e54f7965d3702e92e7db63e91351562969ef42c1ca1f2dc35d883c9b3fb40f3a9d72c9ca5652cfc803a6f01c8a6cf39372ca04d8848510dcf2ff0028aba9870f62ab6d55b706c4cac0b0651d083ac5b28aa3c612025200bd807b3c566824a529b9293b80cec3abd844d32b815102c5b425dc697f58b331a70f03312274e1ba7fc9d936595f871549202b74e0264b3994003a7a447494d4e4d9292adc9d62ad4751354a6bd83be809d1896beba4134426248528f89f68eee0f142bd3cf11debcb72e6e230e683f2cab77749fed1ed19017dba3235e70b3e52bbed0a3348558386f4bc7982bb3b3a7a9d08395d957081d589fd23d5f15964cb2c3ac274d1f8129b92c0b3b37aec238b8f60fdc672360b6fb9d2c493c0093b16fc256f0e91037f4b21689391a5249644b4a407fed03f4378365c8406d14abf275dbca209e99894f86537397c44fb6b1061350a214549290ede20c5efcf46f78cb4eab83ce76ef3241b492604c69a7c2639b2d90786a3d5478c61d4d3184e94976d43f3b1178d9912e6f85939424d806b3009e840fd23271054a0a51661a68e5e37844bba921415994120b316673e7b1f48ab5cea95e2441d9cb4dbb6d78de9a65b4f536d35b4a0b06a3a925089889289433be4b148164d80cbe22741b03087b6fd8d54c5199266249000281756f7d7ac5e6a55dd050e4dbab583c2a4c82b566404836049b5bcf53e51bb3652da444bb5e36fc2507924d4b01cadf75e6f41d84a85485cc5a8a56952528410d9838ce497b30361c8807b7dd9d4ca9d28534a594cc194213995e30427cfc4e3d5e3d0bb618a7714ea5214e53a307be8e4021c02f67da15e078c2664a44e59495a4ac6670c0974beb6f0ebe6620c40cd98680c136bdb874d8ae5afcb276e8a9b88764aaa9a9ccf577632dd72c788a43b3b80c45eeda75827b3bd9c9f5652a553f749d7bd58ca001770924153f40dd63d3286419972c5279b82dcf378de3f3b2204b4ad96abbea481d387222cfa832e623bd83e55592e765efb0a935f83d34d1290b2b5194559b2b2428920b82c4e5b6dceb0c1484a52532c251602c34e3aefaf5eb03ca4104dfcaeefb3c48b2a0036a6c1fce39356b39e4026c362eab58da7fc54f26ac048b8b9dbccb75d07ca39562490a1e2b92c4b705bea5a020a490e1cb2896eb661d7ca01a95a8a0d865b9b9d0bb8f5627d4080da2d71ba2ae3475e12a4027c24e5f27d3e70362a95ca59528001d92acc1cd8b36fb9f680b05aa42e5f88b9490429870dfac6b1ec454424657524b66e2d70475b5e1d4a8b5ac01c2f323cf5f691c9642e22a5bcfbef553d256cb2a54cf130f892c3292767d7d38308b199af33312e54e49f3241f62e2265d1a244b391fc4b0b249d5440b007601c9e33010ba54954d5100d8ef003733e47fbc570314ff1eae56e9a05de154d9e681b02e4c5b57887744044b51045d6d6b7e17e7e509bb31405332605862860cce0be87f822eb22a033852585b4b3f5beb1a98d3044c1f55d1a74db4806c484b2a25266b1335650965644b670ab90494f8bc806d3531b961353926a1242e5964a9490094b90a491ab58f91f504855649ef72e542e61b96f09009bdc79730354624944c4b24a02bfb942e5d9c01b79c06d4ca20991ebbb9742b40248b0becf9dc4cfaed526312133652e492477995ca59fc24286b6d47ccc5731ca444a94944a945092b63317aa8b1396f73e6cd6b3c39c56866cf54a992a6654a093312189568cc76fde27935e5c3366496be8058a8f2ec3e905ce71741d0e9de9c75529b83002365c854f9148a4a4288b29c03cecf11092cacade123537f31160c46884d5e6ef180b0005b5bbdede909eb82a5019be17d43906c7f8d18b3b4b8b58656d692449b1415157cc96b58209402c012cde5f5822bea3b969c8072e6b8fed2ab66f2bdc79c7525692cec412ec2d6074f3da22ab3982a51b05023dc58fa5a2f2334c73e4ae3593fea7f8762e828215f12837eb13534925617f854e1ee4021ecfb5f98aa4ab4949ce01b784070efb9de186178f29259399c82e121c5b5f4684ba8e592dbf7eaa3ce625cdb4f7e4acf553cca09caacce6e83e5abbe90ef0baf42c5c32b4035b6d156955089b6579a7d7af9c651295294017bdc11068e25d873998001b46ff003f6d9c1677d0656696b8fd4343ddbd15eb2758c84e3139bfd8fd5b58c8ed0c7d12261dff0092b99fb2a9bc750aeeabc27c4ea3ba2193736dfd36870595a1d388867202bc2ad763cc6dc4d17556434c1df6f958a93c35d712372ac4ac49d412af0b9d75ff005ed1d6315e99696778dd752265cc2a55b706f6238da1653c9fb4cd5302a4a59c0396c5f557a1d23cc3c5424e1f574ea3771026e6db3aaebb4533ff004fea077dca157356b41cb626e1dc3ddaded066192cc8285392731b1d5d419c03a01eecf0c2a2993242400c068381aeb008c49961232807576f11d06b7f4115a7968d6ca6ce079f1db11d6db8ab971a8dfa4590ca54d5cd9854a5aa5958cb6272a5ae1b97b7a4138a4c952d00198482406e49b70e208554bd886cd6401b1d836f153c7a8e7fc24294a1e2600bd8f0dfc78bbaa9791f4c83b4cfb6c917824d884ca14b3b80262397d957bfe4cc5b2a65cb48177511a8f0e83adfe90476bf1b949969aa9003cd4a57940b129ca6e07f8b0f24c0151492a6ce4fda72f847852a2cf6d0faddbce1c52e26903bb4096187c2848b0f210f6546d1a4d606cc5cec064f2ff3d5687609ef713980d815b4e2425ca4aed9e60072821815004dc6a2f73bc269d2d5f6998eacc9d6e6ee4023d0681a20952c54a33a5633a08b380d70ff0021a7489fed23bc58dc80dec07e5157d7ce0f3d3758fb94a6d034891b63ecb8511943ed6b7ccc073946c1d8fb6978eaa2b53c862541fa8b9bc0a6a526e90e79d35ea7a4670c76a426805746d66b1bb6c74f7eb1c8202549b1034b0bbdbe8638ad985c253f894033804259ddb5677886b5c03b0b0f36b3fc8c3c34aa92a7a7521226662df76546fa0177f480a563e89d4c4a8844f48014922d312ece9eb776d98ed78515a82b502a496bb79ef162c06453cc95dd9972c94920ad8662f71d6cede91b590d65d64aa24dd0a9492901dc9fa458301a54e550001207ce37494894012929cc4ea5acda7b5c5a19534c4a16252000900861c963f4fac2e8b034dfb9586961c5216b9dfc11c85a112d45bc597c44072c01240e7768165d54b9a80649b025ddddf967b6bac63293e217ca2e9e46e7f9c401512121493299003964b1ead78152a9cba792d2c609d5114f4c8466294dff00128fc47d778e914a8987ef1370c539833595fafd222a3acef73a5246663949dc8dfe91c504a9a1466ce3952031777b6c06dbc25a2e1c2fdede4134cde4dfd51384a4b657698cca29d3300d998f9083a7e1c92a041282cc4801d4f60ee35e2392b4a42a624125594300491c961efe910c89935d4a5281d903603931a69b9911adfa763dc25bb31322ca534729bc282a2030752bf567ead151ed1ce5993f768cc9fc6ad72b10c5b5e6fb45ce9a427215b246727311e12425c6baf311211232348090a58397374b79eb05b4da487404039c2752bcc692bf2a5cebf36e073024cc781512849245b4b3feb16c959644c0914c028ac905945201202acd66befc44d5fd9b026a26254101f39482de2773a0663fb45435924c4f7f75b0d42226ddf054535cc9f855e173a7ed68b1f662a822592082546e59bd3e9164a35c99bf764652e1896b91a0ea3a457abe99499c5040cc0b9cba1d0dbd18b6b0bace6d4616ecda9d846e77c3b77709ac8a852c912a5171a38cb7ea746d61f5252ab3f886a1df822f00d0ad52a52573484860c9dfa3f5ddb6de17d3f691654a26c972c3800fed18c9cce98d37477f237a8cc3bea48a7b158fbf57e14db6f108c85d2cd8312de51b847ee9fd8fc21fb55ea535600e22104106c6fa936f58dad81d4926fe51155cd60e7760c7ac7b5257980107890ef65292139ce82f95fd7f8f08b0c4896bcab5141012cd6cdb104f4b7bc580a5ae4b9f66e83a42fc6293bf428a6ca162dad8d8fd239b8cc26770abab9bb3673dfea63645d6ca15b28f0cd81dbdd9775eace9caec7ac012fb3a3bc4cc24f841d5989d8f3673e76d37e68a44d4210899798a245af6bb171a061f3860ace94e598a73d093effb4630d6bdc5ce619df6dd307af3e4b4496086b903512c1516374fe2e0f4e20944eceff8b2b5cbbc0350a6225cb428927c475d58124ec224988eec100f894413d00007e5f3314a36cce1a70d244d84eeff00559f70074f45cc99729427f7925010a64ac90095048d4b5ece7ac56714ecccb01e9aa112d274ce337b1cc1e1e53e20d32620a49240639491d43ec621c5d1df24b302059276d9e21a81cc169e1e6678470e89b4dce63ac627ec37fbaa548c2d5de2954f352a5592a524148f09ba4aaee6fa44d22a521442c82a0a2091d09d21a499a24a7baf1380fe21abea5d99fca10552912ee94bcb2ef73627f78ceffa9d948bece23dfc96a638ed2a2c4698e6cde163a1bfe5bfef032d73b285001291ad9fa825f53689e9aacebb3963ab711d26594a82be249b726f0d6b8b6c53a732830d9933bd415ac14a492ccdaf4e60eae9e32b8e0bf5bbc49579728094b163b1decdfb45830fc0d0a40cf203efe370feff004106f55d29151c1a332aa60546b9f314a481dd4b1949503e359d5b866f9f586f514d250bfb99602a597594eda59b41ac5b512909cb2d290fb212c1b725be77802a32cb9930e505735687d0064a4240f409f9c3ea963013a2c81ce7b94f2d0532deeea50d7d042c952c7da556512d99c58036cafb9b710f25d42543c6a4a59c972c19d9dcb44788d0c91300512edceac7485bdc053f1365955b39b29d50b2e62d4a5029f0ec5eefb86de03594e612db2a80749d330fc5ecf71d622c6a62a52077454c15a8be57e7a3ef112ea525083354952d371616d896f2de106bb7202e1264c4734e6d2336d14f4b5011373252ce0850b73a8eb1630b4ce94526e086bdbc8f4847f640ab24921c9006cfb3ff003682e9d3365292929749b3872dd0da2d877ba24996955aad6936d42653e5a501294060db9736d9f78daf2ac27c22ca054cc1fa751d23aab214904065017102504c3983ef0a78a94b139a7e9740e5a01b37d8f028361d4f88efbe499d5a5246520171a42f4a194c120b5c743c0e20c5be653b004003906ee78e23939536425d47751ddb5ff4d1beac17076907cfb292cb0840cdad4857761939be227476dcff0036819129d4ff00dafa7b3c29c6a699731456485120849e19adc8704bc4b4d5a544ac6ba5adf28e4624b9cfcce9816da3d0e9cd7669e19cca799ba11dfd930aa453cc504cef8c0705c82068fd75ea23ac1b02a647de48cd32ea21454e1cbbdd803771bb46e9172e6a8cb510674b01452c1c0568a4f2367167707885d8d63ab9134164f74124a3c4c14c1940dac4122d7d4790ebb61ad05c3773ec4f12b944ba72b1c76cdedf7beeb2271bc0d07c4b9b2e5a80240724df5b6b731539744a0ee3c3c8bd9edfce912633da6ef5291de202039ca123313c3f01ff0078270b42974fde22ec4387beac7eb18aa814c0cb20697999e67bbaebe16bb8321eee5cbcbe651126c90066f988c891381d5286612e6b1ff1546e32f84fdc7a14dfdc3378eabd7096d9df56882a585ceda79982058971aee3e511cc4858b8d2fe71ec885e2c141ae573af1b5e029730a56e6c97653f516020f28776b01f9dff0038827a438716620eff00cde2a55c21b1390afc0f987c2470605a44a821456b51b9054c4871e776eb06ce9c54c059253a9376d1ada447229e622c54952361bdf5bf11c77b1be392c07683b81e2396dbece67731e453831b39f7c10f224a828cd331e5907c013bdbc599df6d1b78e17884921d280403a91bfd638c50996c1371ee00fc842cc3a428f788292659b85b3072e08fa690a73c8229375039f7cd35ad919cfd9344d509c839142db7d6151908924ad673295a077ff70062b882a9113172e5e60848f15ee780db0dfca28b87768ea6a67a05b836d5f9825a5edcc00246d3a4f23e9add5dac831363d7f1e8adb3e6a97341ca0a55a25be1bb6bc989710ecea72820100da6278ff2112d08caa49501f15c0bdc43c4ce4bb294c4ec77f28c945ed7821c6f303dfdd68ac1d4c8cbb953a8704caf2f2248670b24f8ba743fa44070d5a09094a801cb91ef17da7c18667cc729fc2d6f7e3d225ad4948c894848e763cc37c2a9966a7a5e4fc732943100186f7dee5e6330bb858506d802e7c9b5f486d5466cb41cb3e6a25a98a12b51cee47c2e6edbb1bebb45af153dccb428213994a0924d82417b960edd3ac56b19c03be20ae7b00361bf4bb0f68bb18e6fd24474fbcfa286a87c1526194329233a6a165f2660b0e1d2c54c40173beb0656e214f63312898949cd6d6dc727a59e12524b4d39eef3a94853939aec6d77e2da4453e995341eecbea094b30f7de3397bdb5226dcac9a181c24ab2ceaaa6a9a74842159262b2a92cc42124bb81a0395bc89806ab0f520e775ce94c54949b940e2e5d56f336812794ca943c2a9607f692c0fa730aa97149492b26710b5103295657176b69cc47d57d606d6e03e47bfc2ab2986687aa734389859214035edad8f3d23ba5c27ef0251a2f46d86ee7a42346252c662123383a872e36f173d22d581cc5aa5a4c8967c42ee08cbeed0bf061c05f29d8355773e0121135d51dcaa5a112d5306800df924b30bf3cf486f4808012403983a83e8780778ee9b087214a6496f15f33f1d21a2a9653004153756fa7eb1d8a5877dcc47a6cd37c4705cda959b61aa59f644bb87bf589a8f0c0905926e5f9f6e2194b5a53f0a523d3f38e6655c691866ea524d6768103554b3025665a415b1cb98b07d9eef014ba1a960565399989748fa1866baa88555279826834ed3d7f0a36b11b025953806700cc0998a03282b5a8902fbdef7d75eb02d3f66169502662320fc2124dbaa8a9cc39334f31acf15761293bf9094d18dac04036ef4d83c90c7044664ac148526c92121d2fab1d58f10bf1aec2d255cd136a173544000252b0948e48012ee77bf10e7bc8e4ce87329359fc520d473b5297e1dd8cc3a4fc14e0ffef52d7ffd8c3ca7eee506972d081fe2909fa428a8c4929defc404aaf2a37b083001940b9ce104f7ecacbfd4bac6456bbd0763191339432af419c39f28e15312fab7f3e71384c44a166e4187948422e5a76717d526f7da055a0ddc8b74dbe90c2633072d6dda00a895c122db13e7b5a2a55c2224c949400ec6e3e7004dc366824a1940ec0fe4622fbc492ca7f305dce8091afb18224d61619d9f94bc26a51654d42632a399a21554cb17286e8638ab92b980824e56f8516f4cdafb343897536b1b475dfa59880ded19bf64034b5ae31dee4d15cccc5d568d113972282199d2a4e6053befac10bc229c05a5284e650bedb6dc41e8c3248254954d04f2b2b1e8144b4713b044ad49519a4807e166fa18ce30b55a20b43bcc6dd75f81e49de3b09fe447914b29b0b203cc09705dc0d80b456310c724a262a64c72c72cb4b396dd597f38b7e254d56a99e109329b40a0e58eee059a17f683b2c8a9fbcca51358024870407d86f7d612ea1f54069b6f1af227bf44e6551fd9daeed880c2bb4fdfab2214199d9bc4c3571a886736690c157dfda17e0380265b2838282a492a494920f98d1da1bcd900973668b318e8bf6155e581df4aaee2d89a4ba173428a8d936f0b3583793f3ac2da6c004ca8255e293f1904bf883009ff00dbbfbc34c43b3932a145489625bb825645ef620076782b01eca4e929299b52160821821981d8289bfb45451aaf7e68fceb113c533c5631b00f7e490e2321289cb33a70cd33284a05b224380dee4927789e6d2f784c892b520a18781048d010e59b7e445a4767e9028ad52fbc59fc4b2547e76107267848648004681812e76775bd7f0907140086cfb2a6617d9cad5664cc54b097f89d46dd1240fac19ffe3ca452fbca85ae6a9dd9f2246d609bfb931625ce2778e0cc8d34f094a99cc05d25f89a8fe0b74586d3490d2a4a13e490fefac1299ada3080fbc8cef843c340d124927546f7d1866c026a0444bab105484c153a20995309ea7184a6c541f8dfda17cfc68fe142947a7eb1250856354e88ccf8add2d6cf5bba0240d1dc9fca3aa89734827bc29e180fd204a30ac06a473114caf48d481eb0925e1a4dd6b59e998ffa8924e18800b27524ff000c4cca42226e3d2c160a73b04b980a7e23354580cbec4fcb4827fa7070c180898519d833c0946102994ad7d6f054b976d7f68391427ac4b2e8747dad011412488c83554a388dc15255e548f4f288fbb3a151f3611da967fb5fcbf48d663d634596512a39b286feba40cb404b587171042e583a120f00fe4620549bdc9f9454ab8280aa581a9207d7d7485d39434d7d5be635879324d9b57bf3fcf9401365b0b381c37f2d158570953141252b3e56fd2f0448c5c68ab75da389acc410ee76b7e50aeaaefe057fe27d62a4c22ac3df6e0c749ab8a822a264b3605b83a7ed0449c6d24b2bc2ae0efe5cc19515b05618d8ad8408ae1cc4a2a8444213a5d5bc0c541dda17fdaa39555880403aa20c68991a83112e742d995e06f0be76372c160acc78482afa69125484f153a205d48108e6e21355f04bd77516f9081fba9ca1e2581d136f9b13025184f97582065e269fee1ef099383b975a8a8f5248f9c1a9c353fb44cc8c2d4ec7509dc9f20630e2a4e893eb6f7d626fb2278f2ff513cba7d1c7e9f580a425aba89caf840f3d7f3688850cc55e64c51e80b0f64c3a527fd6bedc4752e989b90c20229748c3102e523d9e0c5ca02dbec041c2986a418224528176bef1104ba4d2da264d27cb4fd619f74c3a9dec5a26968036f582a4a58693a44d2a8c0d439e20e27911db163f5d222883954aef602f124da616d22509d78fe7ca3693c966da228a24d3f50cd1b42183b7ecf120e9a98d250e5beb1105ce41fc1191d64fe5e37114563298e542323234959828d6ab1602219a9511f0b7a831b8c8a6aae2c819d28101c5ba16fa0b40e28923751ffb287a46464555c2127ca48bb1d79780a714b6a03f43fa464640564b6a5492e0107d08853554f983b068c8c8a1570957d9a7a0f827787fb480af9da0f91533ace525f4d47e7191901052aeaa77f8fcff005884ae7abf6207e4632322128c2906124dd6b26fa3930ce9e8129b02de91a8c88a29c493f858f9bc4e9a13b91e823232228884d20b4489a37700911919055656e55001a5cf58ec490dd23232222a5974b7bde3b12ba6ec348c8c88a2925481aaae78d22748670c34bf48c8c8882d686e1fa472b5126371900a2bb4a0e83cde390b0e75f3fac6464141729bf94759343fcf38c8c88a2ee5c9238bfd233bbbfa711a8c8b4212b4c0ff000c6a32322420bfffd9, 'image/jpeg', '', 'paravathi@gmail.com', 'parvathi', '9999999999', 'Female', '2 years', 200, 1990, 'Approved');

-- --------------------------------------------------------

--
-- Table structure for table `application_form2`
--

CREATE TABLE `application_form2` (
  `application_id` int(11) NOT NULL,
  `application_name` varchar(50) CHARACTER SET latin1 NOT NULL,
  `id_proff` longblob NOT NULL,
  `imgType` varchar(100) CHARACTER SET latin1 NOT NULL,
  `vtype` varchar(50) NOT NULL,
  `application_mail` varchar(50) CHARACTER SET latin1 NOT NULL,
  `password` varchar(50) CHARACTER SET latin1 NOT NULL,
  `application_mobile` varchar(50) CHARACTER SET latin1 NOT NULL,
  `application_gender` varchar(50) CHARACTER SET latin1 NOT NULL,
  `leasing` varchar(50) CHARACTER SET latin1 NOT NULL,
  `payment` int(11) NOT NULL,
  `iid` int(11) NOT NULL,
  `Status` varchar(50) CHARACTER SET latin1 NOT NULL
) ENGINE=InnoDB DEFAULT CHARSET=utf8mb4;

--
-- Dumping data for table `application_form2`
--

INSERT INTO `application_form2` (`application_id`, `application_name`, `id_proff`, `imgType`, `vtype`, `application_mail`, `password`, `application_mobile`, `application_gender`, `leasing`, `payment`, `iid`, `Status`) VALUES
(1, 'Rajinikanth', 0xffd8ffe000104a46494600010100000100010000ffdb0084000a07081516151815151218181818181818181a18181918191818181819191c18191a1c212e251c1e2b211a182738272b2f313535361a243b403b343f2e343533010c0c0c100f101811111a3421182134313131313431313134313431313431343134343434343434343134313134343434343f3431343431343134313431313134ffc000110800db00e603012200021101031101ffc4001b00000301010101010000000000000000000203040100050607ffc40040100001030302040304080308020301000001021121000331124104225161718191051332a114234252b1c1d1f00633621524537292b2e1f163a27382c254ffc400190101010101010100000000000000000000000102030405ffc40020110100020202020301000000000000000000011102310332122141617122ffda000c03010002110311003f00f67834e944d3ed25c9ec2a6b57818dfa57a9c2da6439c99af2618de4fa19cd62f35624d4838e4166519ec7bfe9f315ea7116e4d4eab7dabd14e17692df14851604e1e411d3af88a7b5169a16a05f117021254412cd033240fce903da082e43c16c0cb3b3bfedaa9bcfa4b072c5865cf4a8d6aba4281b6305a12cae57975758f23b4d068f68a260962d819ed3e1ebd8d3ecdc0a7604328a4bf515dc3eb63ad2073166fbbb3f718f2a7350657115ad5950652eea943e0483d5cb438c793d36ba825f7973fc303cc18f5cfefc752bb8d29482e61de1836ffe6fdcd535c6a80413b8a0bc551a44bce30c72e7ab629959412fd631cbf2b7c19d4a776fe9d0ede540537a79a18b7c2083a8b18880d1bb6455b5d413da42ddd4a8d4a39fb24425b79aac50d68a0624d1834a06980d0301ad14028c5015028d6d0ae8082aba96155d41e57b656509641651058b4a768afb04a600ed5f00ae30ad642d252a52d2003d0a800deb5fa2e9ae5c5f2d734e9e7df44d794be1efcfd623248e59c8649edf3fcbdabc24d7cf2785ca91c5ab9947e37200d6a514a01221d632f11866ef4e713e8c559badfcc4831f66377fcbe749559bc40fac4820a9d92e08fb3b447ecd1dbe1d408fef2480905a3018b92643b8c9dfb0649b0ae57e28103493fd442c2ce0efa5a363bd283058baff00cd8df913f2e9f3a7ad074b3cc4ff00d54fc4db4ad0b7b8c14a4174f33252a4b01e3a4f5f88e69172c16e5e24c6a0c5464aa1209770d03aef06a50a4585692359733a9a4631388f9d622c2c173709990cd0ccd98ebe55222c9d0927892ead25c1514f227999cc0704927ab1ae570e5b4a7893a99925454e15001f8a5d492e082360d4afb5b54386547d62bbf7866cc567d155b5c57eff007fb8a4713c3a14a2eb6840720eae459234addc39497f5f15a6d265f885924112e1986925b7c8fdcd447a484900025c80013d4819aded5e55ee110964aeeadc25f5192068d067c9fc5fad62b86b6401ef16e60312a3942712ec51bbe54ef5696deb24be2b88af291c2d9532537145c2c0000662eedcb043644cf7a7d9be8b6e8d4ae5d21ca44b24071a44fc33dcf854a5586baa65f1e80f2624c18fdfe5583da08769db6862cc5f6ff8a0a6b454f678a0a6821fab4188f9d5141b5c2bab45404288508adaa0c510340288501bd05ca2a1b828045750bd7504973d9a2e7bb3828bb6940f50169707cabec6bc5e0101d3e23e45ebdaae7c5a939e7dc24b824d791eed71ab874be97749d2010cc9eae1b3fad7b0bc9af0909b4006b8b4012410ad8048d45381021fa62bb3306dab61c836b4c3132cc5e047f4fcc497a5a2c0542ade9d3801c38cb1ea1df7967e9441489faf592921cf346f29f398f2158b4808fe72be395005c9d21932e48c1efe7413a6e298a7dd1c07d3a923a003d33071004d2f4337f77c310c4c12fda1a3d4f9b976f9824dd51cea70a0f00c110fcc37f0edac9d1a4dc7d6394f3399f1de60350257d0d8f871bf4274c76f975614294b074d800ba401d99df1e5441292185f27510a721e4002198343b781c67164153a6ec12a2dcdd1986967621cbc873d9b205254c49b0efb123ba9893ddfcd5e758cacfd1d323f583cafd36de9fc4a02995ef0a76043b39067bf8d27dc38d5ef14529054e0a81265ff003ee5e76a34d5eb2c9f720a4a52fa9a0bbb2b2ec681971fddd1b392c32258313da8d5710c0154853310a24909d243393bff00dd22d26d8d405c05f40f8494b87648ea394c747727340e4a17a15f5680424e9000953636c9ad5216cb3eed3ab51d2795cb425dfb665e9575681a41b8b6212411ab0011246dcbeaaef145be2d101c9967233e3d3ce81210b13a1054a500a76c01063201761dc77a149bae1d081b9f52fbf81efdb1552789410540b80ef0766386ee3d6b2d5f4afe12fe447e3e07d2812a4aca1d805f668f57e81ea91485718905883f6fa1f80b1805c4e2855c7203e608063afecfa5055442a55f1406416605c31f8890d0731b456238e49809513d9a64082edfa6f4a160ad151a78f490fa5501cfc3103bf71448e3016642e5ce361d5e82c1462a65df66e4517e9b78d36d2f50766ec723b1ef40d142b35af406806b2b6b283d1e111ce3c457af5e6f0639c79fe06bd3ae7c5a4e69fea122c65bbd79c845e000210712400eea2f01806001df3e757712391704f2aa064c18199af2168460d95a487dc616c0977fc31e6d5d90fd3759b421dba659ba2a3f2f9d60b4a00fd5a7e2d4444c497272edd3f3a42bdd86e55a48301d20b86827a7286f41861cbb36f5690560212bd4cc030dfabed191db205cf27dc25db729c8d8f6efff00740bb6a0411650c12e0b874aa544003bee3ad6dab96d0a275acb072ec400f93a4753f3e949b9eeb1ef179868f8400c0b31689ed4026d2c12a1610ec1203b302493d4446d58bb6b0193611079599838cfab7a51721317172ea82adfca076ec299ad16d452a5ac960e5520b0921bc5cb06f950246b102c8d2030629d804883888f0144942820b5b4838d31a4873f269f3a67d3919d477fb27ec824eddbe62b3e9f6e398f348e5548c3e3a9028d176ec830ab490d81a52431e9fbfc690842d83da43c92c0199669f09ec6ac4f148510029df107b7ea29a4564408f78dfcb4310395806cc33e25bb49ed5805c31eed018c820310db17ef96db778bdaba820fad184243bb400de3307d7f3ae3ef000a084957338810c18020ee401bed866abab08a08949bae3e0672e40db0327c0d0917b628768ce5e5cf4ab5ab08a09b4af4894bc6d103a7f99a8f87d6ccb6c0f871bc63c29ad5d41222d5d806e02009382553d8c4fcb6a626ddc8d5706cfa401bcb16711fbdea8ada050b6b66f78c5cc800c386123a3d67bab8ee6e6e5980e85a1a648f4f4a01ada09d1697a5957093120018539661b88a14595ea05571c024b3343301f9d546ba806bababa83d8e0073780357d43c0093e1f98abab3c7a6797b22e250a521694ab429485252afbaa2080af23350dce1f892a245f4252e8e5d00b240e7921c93f261ddede2ee29285a909d6b092529fbca020477a8d7c75c4ea7b0a5699748607951f0e754ad58fb8ae95d692cb559e2404253711ca8016a507d6b620960989d25f698342bb3c4c10bb64cbb850180cd1d417ec583645078d59415a6cf37bc4a34a8a81d2a5a53acf238856a66c0334ab9ed320b7b8b92d809dd4b0f2580fab7ebcc98a54962e01178157bd520b971a5e2121b021c28ef9a50b371c9253f02c08492144f2ce990cdb6d8ae4fb611bdbb8250252977580446a78767eafd0d070ded84af48f76b0a504162130560167d5b3c9ec464114a92e04945edf41933321d818dd9a3c9ce68176ef1009087707e198e84967950f3dab38af6b84150f76a5146bd4010e34254a19c6a0987aebbed8427295fdbd925f41502ccadca54c776ee1de32b70d422e32b5a5183a42773b4a9c7cbf095fbbbb82c60ec8ce9230ddd3be41c8adfed8b64b7309003a724ab4819ce4b6583e189147b550a525212a1a83f3690c1c81f6a5db6edb96a78c970a4220380f04e3307f11f2ad29a691406a340d35853474359005358d4c3434102ec5ee665892bd3260127486d3d1876ef5abb771869507014e0c825ce9189d83c60c4c5b5cd4115fb570ab956008cf48786cc1df7db7145bbae1d6089789c44e9cbfefa5a6b1a825e22cad47956406d89133d3aba67fa7b9ac5d95ea74ada003bf8b0303c67caaaaea091362eb07bac583c24ccf6ee288f0f736ba7d063a61bceabaea09ae5859481ef0bb924e0cbb333088f4a14f0ca7f8e1d27ed612e5b3ddbc0377aaeba83abababa82ff63dd2a5ac11094a18f5d457fa0af5958af1ff0087d05ee125e50078004fe75ec2b06a61d618e4ed2838db81282a52f480512c4b9d6964b093a8b25849d550d8be80ff00de92ea08002940292487f8165d24804b115e95db4958d2a4820b41ec5c1f10403e5528f65580cd69218a480203a00092c22001e83a56d52278c1caafa65b524a5244a352891adc30394a56d1d69856b0187128240d21ca4bad2dab5780780c70f4dfec9b1fe18c01956024a00ce34921ba1ae57b26c97fab12ef2a7e66762f020630d401aca92c2f24282920a8104394856910039707c0f95281bba40f7c826412e3018388cb99f266a79f6559d011eec690a4adb529b5252120e65801188a470dec4b2862124a8332892e002e130c1863c22808aee20baee2343a0124b3382fb012ad200fea341616b24fd6a54124a540281d2b607999236fb31e25e2be22c256928502c59d8949820e5241daa75fb36d292a4a905414bd6752d65d787725c068610d0cd4135df7a0289be848754b8e44b3e0892073796f4fbaa59019690403ae5c08707101c6fb13d0501f6270ff00e10e995619bad123d9565295a45b1a5694a56095105291a5218960c223a0e828275aaeb847bc40597392e52ec480dfb7ed2285ad4469bb6ca5e5887610c394ee954f8d5abe0d04b94fd82867504e85652120e99896781d2a53ec6b2e0fbb90a0a7d4a25c12a1f113b927ccf5340085adc6ab882e09822400ceedd5be7e031617a9453750d963f6404f9ee41f4f3aadf0284a4212864a41090e6017762efb9ad1c2a00609fb253bfc24b91eb4690a16a61f5c82f394c82a771cbd149183f3a2b08b8e92569527766986c84ccf87e54ffa0a3ee7cd5dbbf614db76c2432430181e25e83cfbc5696d57521c2bec9389769dbf1ae0b5105eea5d2c496200012ca771b120b64439156ddb2957c41e08c910ac88a14f0c80fcb904193bb3ef92c1ceed41312a294fd6a4197234b124f2e7c0f8d2415fff00d0873d34efa9987a78b55a7854311a4312091dd2001f202b070a8049d3259cc930cd27c05644b71442803761ddb4c9054192e91e1ebde82e92e47bf00051704019e6090a3daad5d849ca766f2e8686e70c8539297261e5f0d076cd049accff00784ef274e5818fc7cea8b7c4a37b88389059fb89a60e1919d21ffebf4159f4647dc1da8397c42431d507040241f022b537d24b0264b60e5b5659b1358bb293948c37965be42b516520b84b19f9e681a0575120575059fc3a5d370ffe46f4422bd6560d787fc22bd5654aeb757f2094fe55edaf069875873cfb4a2e2900a4052f48d409901dbeccf5a9d7c1ad9bdf10da498fbbbc187f4a771651c9acb738d3995695308ece7cabcf1c2d868b909d2e429249d254439673957edeb4d29570d7091a6f4733c4871cad56a01003972c1ce1cb74a86f59b454752d94181e609384b02f918f534362c590a4b5c0a5bba5ca545f9dda232bf4a0f44d2d7d2bcef71677baef21d48390a2e0b446a91d3a8a6af8242a428c88502ec097e53b6c011b019dc2a6ac344d4268054924100b1208059d8ec5b7a8d3c22c0205e386723510c9201724f37c249dd8f5715ad20820e0820f8376af3d08b448d2a57d8104fda04a5f797cff00cd032ef0aa518bca0424254db900b28b1833b37e1476ada828955cd419b4b3318639ce7d76a9156f87662a3107e2772e3a7776ddba557c35a4241d1825fcf18db78a07b50914540b578d1a0b5635605bbf2aa0b48cc02e3b570a016adadac34026b2b4d650711404519a122b232b8d73565065757356814056eb6b6d0aead057f000fee483d5770ffeea1f957d15dc5785fc0c96e06d77d67d6e2ebdcbb8ace3a873cbb4fea4e2149e505254492c223948279881827d6bcf55ce18243c24336af780480a97ec419d9ba557c65dd3a5edeb04f47d24300598ee47849da9478d4e536c9804c00486303ab48f36deb4d09572d2e4a49217f7540ea25288f90f2a5dbe26c21b4b80194080a206a701cf998a6238c275916cf2a922436a7531508c013e4683e94fcbee54c407886502483dd9a3a96a005aec729d1f1ba4303f639198740ffe9f0ae3ed2b600002be17020161d5cf87ad1a78c537f256360349861bb0800f4f27acfa4a9cabdc1704a5cbbb0907e17d31f841a065ce2c000b65fe2212010a09e63b49cf6ee2929f68a799d2436b327e208d2fa5f2ee5b68334c5df594ea4dbe6d4b4879c2545f62c549036da85172e13ce80012069624fc6b04ead4d01295637a0a2e964a8b3b0259c076187302a1b7790ca50b491a12950801d931a4b6c207fcd5eb24024024b16019c96c0723f1153a17721d23e00f81cec5c09701f4fa9ed40a59425440b04976d412962ecafc4c9ebe154595ea483a4a5de086224ffdf9d282aeee94667fcbd47341fd7b553402050adf614ca1228d1292a694a41eca27f2ada33586805ab1a89ab9a81653594758d400d5845135611402d42a14745590815a28d48e94340ee1b7aeadb1bd65565dfc1896e0ac7f909f5528fe75ec5e31e75e5ff0986e0f87ff00e241f50f5e9dfc79d4c750c4f679fc6ddb8929d080a05f567aa599a041519e9e54038aba486b3054a0e4901808321f3ff0f4ce27de6a4e8c4bfc2cfa93f13cb36bc6ed40557ccb246620eca0012fd7412dde76ad36c37af39fab0c312e4f2920e430761be3bd72ae5ed096400a2798383a4388771b3cce313043df32fe1060a03b082494a8b182c0123a9611202d5f9fac4c0881262551d1cc6edb450685df27e040015bc9299970a8381be5fb5005710df0a0120f802d1f6a43fe5dd8822fcfd6258b375187fb2c4c363778c56af8659d24dc2e025c249092429d44f6222833894dd2a1a1400052ee0314cb8ea0bfe5de976ecde0daae6af85cc0794bc36dcd2f236e9e81aca015082dd22a23c35dd2a1ef254100104f294fc4416df18dbbd59708092490031727003493daa2bbc221439ae0846838c00a0778fb5e6074a072ecaca9c5c6111a538600e43bbb9a3b082120295a8cb9601e7a0a0e19284384ac1d6a2ac8cb36dfe5cf8d502a8c6a05103268cd61a3457bc4b91a838cc887eb5a0838a235950635735756d003563511a1a012284d1d09a00ad6ae35cf41b424575650378719aea3e1866ba8c4c8ff008683709c38ff00c36ffd82afe20c0a93d8896e1ac8e96adffb1355711b54867e50dfb2b52925370a401804c97dda19bf62948b37d86aba1f7603a981cbd0a67b334bd52bbe949014a00904cc40672f819fdb52fe996f6b8938c281ce2ab657d1ae383ef8fd878d92e54001124fa06ab09a9c7188258289f04ab310224ce0637acfa5a352925c14901c8824878eb415835948e1b894adf4bc750d338f4a71a0e3584d7562a8177d4342b57c3a4bf834d7976ef70e25285982aea643961a9dd9a3cf135ea29640240720161d4f4a9c712bdacec32a22544387d33d7cbac0099372d856b4595ea4a4007600e94b4a9b71e409aabe987fc25edf39f08dfb903b8db57ae15006de912e5dfef337febf3f1aaa838d61ad6ae140a55053174baa341a2a0a3151a09ac6a235cd4004509a63561140935868c8a134182bab9aba829e1b7aeade137ada332a3d9696b36874b68ff60a3e20e28781fe5dbff223fda2b788daa439c6de67177ad256eb412a4841d40394ea5a928ddcb9d7001efb528f17c346eecdc8b2fa01019c4c050f234de24ac2c14db4a83000b0d493cc4cbe1f463a1cbc08b97a00b494e5cc728d2086999ed5af4e89ff00b4786097d04f2857c12c6419eb97f07c8a6afda16c9fe4ad5cc43e8496280faa4f47efb669cb5ded4ad294e9d434bb637c2be6cfd8e41daf7afcc5240fba37d5e31caf1f3a7a4f64d9e3dd2b522c2d86961a74a9654b52096e802429f2cac0ae571cb303875bb1954071aa312fa4336750c51a9378957d6253274883f6e1f96395fa97f4adfa3dd3f15d87d9816710edd1f0cdde9705149e2ef1c70cc587c4b0274294d00fda013e6f8626bb4a51482b4e9259d2e0b4620b75a1e1ada930a56adddcbb9528982580918a50e000f854521c964c2654b5601fea03c1228b4a850aae24072a0041249003181525cf67be6e2a63631113bc67ad1a38348d4ca53ab44f2b8d05d3244cf57a82ad43a8f5ecf43ef93f793ea3ab5487d988ee20a73d58fc8bfaf40053edf068490425880c0b97691f99a06aaf20162b483d090f34078b44f3a60026700e0d6aec20972973e7e1f84569e1d060a124464038c506bb80460871e74069c1006001e149b9403442801e95babbe33469d449a5a6e24870a04673b561bc90402a0e71226ab271158534a3c52066e276fb4201c13da4510e2504b05827b17c3fe86808a696a4d75ee25082028c90e0004c381b78fc8f4ac1c5a264ff00a4c86771186a8b6cac22a7b9c6a13d59d8464f4fc3d6ab1453b84deb6b7854e6ba8e72a7864b2123a2523e42b388da8ec8e51e03f0a5f11914671dbc8e36da0ad47df290ad2810ec91afaff512041da969b2842d2a3756a09d44272971a972f92c48fdb551c5dc46a215694b200920946c47500b812db74ace1921526d6992a0e082e0c1f1c6feb56dd2911b16b4a8aaf5dfb4eeee028104369663a9e3a02314db3c0d851601470e158248d525b99da72f0f80dc9e24b30e199e48293f16a2038d0ce44ffc4d508bb75c0169239887270300ecfbc0ecc734b92a12f0ff0047429d0950d3c825200656b79382489c4076ab7fb44166b6b2ef0cc603c8db6f579ad06ee90742029e5f040506907c4f962b5af112a4a4b9680ece19f32daf1b814b29a788533fbb2e165243ec013a81691fae6811c45c21c5a031927ab12cc3c7c8d15b17029d6b4b125802cc98677125dbd7348ba0297a9378241702770027b33120b6e488cbc0db375655cc8d2351030619c1331bfcbad65d3742f94029246599234f62e6467678076c3c1aa7eb54e7ba9806666d5f3cfe3456f8362e56a27a9dc7341ebf17fea2a8c426f3875230a76cbc80c5b182fd4f4acbc6e151d17101248d21c3c42b20bf3103ce9973834a8924a9cb60e19b1d31f3ac4fb39018b12c5c39dff3c9cf5f0a055c4ac00557db5286960fd79604f8fe144b5a4020de542ca86924a8729e43d7c0e7a554ae1d2a090a1ab4b3393901a5b35838344f2092e5e5cf9d4130420827de29451a8962621800fd1a03fad20dd45ad49d4a3a09d4e01254b01618f8474f4af4fdda461204838dc171f3a5dc48390283c75a2c12473625816e661d370d5425684214b424ece090092a59439dc4939e9e355e91b8fdfeda8c5169e515da902daa34820388c06998482ddbc4d5485a564bdb561ccc16019a64e03f6ed568a214479a8502c91614d197020439ceff008d52500a1d36c3b8e52e19cb1968604e2a950ae35444b5ad40fd4a5f035317ccb1d84c3ef4f485e97084853f40c5c9797f03fae29c9a20682309b9a81569025c0f086eff00afa369aaa5b5469470bbd75770dbd6d1ce552693c46453852788cf95484c36f3f884dd24e85240dbaca482086683a48eba8f40e9362f393ef00c912e1c8603e1c0f318889f42b2b4e9447bb51429254c4a4a4281c128035400d2e7f6c275f04b2e05e584c300c18696221bc6aeaea8842f86d49482a3caa05c3bfc0530ea2c649fd77047b35008512491a64b3ba35317677e63e649deaaad06a84af8241515105c97ce3058740e098fbcaeb409f67db0dcb8721c92ce4989ee7d4d54f5c68d040fde7e668c509342bbc91950c3f975f98a060adac06ba8cb5aba82e2c25254700125a60073527f68a4bb254e003812f8107393e009a0b09a52cd4f738c53b0b4b304983b121b1d4778f2a59beb2ff56dcaa21c92ea1f083019e7e551a515a2a64dc591f037381e288756cdbfa50bde7811cdf75db6dfa379f6a0b8518a8948bce921496d29d4184a995a98f891e83bbb78542c1256b0a7c001826547cf207801e24caa6a5af34d0681554726ba974c7a830d0b569ae1468ce1f7aeade1c66b68e72a8522fe7ca9e2a7bf9f2a90986de5713c5de0b2945a701499214c507dd8241192355c813c823a8a78ae21409f7212c446b7246a4b8900402bc3e2331e8d756bc9ba43c3dcbe5602eda027497293f69cb06d45a34f5c9c5291f492013a12794b097e65b825cc69d18cce2bd2ad14b29e68b7c4b25ee21dd20b243692a56b32321252dd4a644d12f80595a97ef54c5685046a5694a1010e9001c929576e6906bd11586ad94cb6080012e40009ea5a4d1505c306bcd4718bfbdf21fa541ea91b520f0482ce09d2120124bf2e31d27d686d289c93ea47e154fb90fbed9528eddcd06a1000000600301d00a155c48ca80f3151f145886032918072fd452b8b24243121ed1258912e998a34f43df27ef0f29fc28577d232fd3e157a3b54f6fe3ffecbff00f3fad27da2b3ee90a79d427ca896ad5777657a37e3485f1200720b00e65380ce73dc579fee53a825a1c479aaa9e16ca6632083265d22a29e3880ecc5f4ea9611d735bf4a4fde47fafb3ec3a0adb761249252e4f293d53cdcbe1347f4647dd1b667f1a051e393d4087fb463fd23f64568e306418703e0392fd55fd26a8d03a0f41448a3298f10a6490fcdaa08008d23a4bcb6fbf8d05d5dcd924c06c06252f2c30f15e8a28f40e94265e3ad571a2d9276e73f390db530a1652a0d2c3490a264e4731223e7dabd636c74ac081d2896f1be8cb9847c86e9984f657a806ad421b0903c05595d44f20f0e9c9aea60aea25bffd9, 'image/jpeg', '', 'rajinikanth@gmail.com', '1234', '7777777777', 'Male', '3 years', 200, 2001, 'Approved');

-- --------------------------------------------------------

--
-- Table structure for table `complaint_booking`
--

CREATE TABLE `complaint_booking` (
  `complaint_id` int(11) NOT NULL,
  `complaint_type` varchar(50) NOT NULL,
  `description` varchar(50) NOT NULL,
  `priority` varchar(50) NOT NULL,
  `ResidentEmail` varchar(50) NOT NULL,
  `Tid` int(11) NOT NULL,
  `status` varchar(30) NOT NULL
) ENGINE=InnoDB DEFAULT CHARSET=latin1;

--
-- Dumping data for table `complaint_booking`
--

INSERT INTO `complaint_booking` (`complaint_id`, `complaint_type`, `description`, `priority`, `ResidentEmail`, `Tid`, `status`) VALUES
(1, 'AC', 'no gas', 'no cooling ', 'shiva@gmail.com', 1908, 'Completed'),
(2, 'Fan', 'Fan not working', 'High', 'shiva@gmail.com', 1991, 'Completed');

-- --------------------------------------------------------

--
-- Table structure for table `gated_community`
--

CREATE TABLE `gated_community` (
  `g_id` int(11) NOT NULL,
  `g_type` varchar(50) NOT NULL,
  `g_add` varchar(50) NOT NULL,
  `g_rent` varchar(50) NOT NULL,
  `pid` int(11) NOT NULL
) ENGINE=InnoDB DEFAULT CHARSET=latin1;

--
-- Dumping data for table `gated_community`
--

INSERT INTO `gated_community` (`g_id`, `g_type`, `g_add`, `g_rent`, `pid`) VALUES
(2001, 'double', 'England', 'rent', 1778),
(2002, 'type', 'chelasani', '8000', 1778);

-- --------------------------------------------------------

--
-- Table structure for table `individaul`
--

CREATE TABLE `individaul` (
  `ind_id` int(11) NOT NULL,
  `ind_type` varchar(50) NOT NULL,
  `ind_add` varchar(100) NOT NULL,
  `ind_rent` varchar(50) NOT NULL,
  `property_id` int(11) NOT NULL
) ENGINE=InnoDB DEFAULT CHARSET=latin1;

--
-- Dumping data for table `individaul`
--

INSERT INTO `individaul` (`ind_id`, `ind_type`, `ind_add`, `ind_rent`, `property_id`) VALUES
(1233, 'ownhome', 'Vijayawada', '5000', 0),
(1235, 'type', 'Raavi chetu center', 'rent', 1778);

-- --------------------------------------------------------

--
-- Table structure for table `location`
--

CREATE TABLE `location` (
  `street_num` int(11) NOT NULL,
  `street` varchar(50) NOT NULL,
  `city` varchar(50) NOT NULL
) ENGINE=InnoDB DEFAULT CHARSET=latin1;

--
-- Dumping data for table `location`
--

INSERT INTO `location` (`street_num`, `street`, `city`) VALUES
(5001, 'SBI Colont', 'Mumbai'),
(5002, 'SKR Colony', 'Guntur');

-- --------------------------------------------------------

--
-- Table structure for table `parking`
--

CREATE TABLE `parking` (
  `pid` int(11) NOT NULL,
  `residentemail` varchar(50) NOT NULL,
  `vehiclenumber` varchar(50) NOT NULL,
  `parkingLotid` int(11) NOT NULL
) ENGINE=InnoDB DEFAULT CHARSET=utf8mb4;

--
-- Dumping data for table `parking`
--

INSERT INTO `parking` (`pid`, `residentemail`, `vehiclenumber`, `parkingLotid`) VALUES
(1, 'shiva@gmail.com', 'AP16C4596', 10);

-- --------------------------------------------------------

--
-- Table structure for table `pay`
--

CREATE TABLE `pay` (
  `techinican_id` int(11) NOT NULL,
  `paid_amount` varchar(50) NOT NULL,
  `date_of_payment` date NOT NULL,
  `type_of_payment` varchar(50) NOT NULL
) ENGINE=InnoDB DEFAULT CHARSET=latin1;

--
-- Dumping data for table `pay`
--

INSERT INTO `pay` (`techinican_id`, `paid_amount`, `date_of_payment`, `type_of_payment`) VALUES
(8001, '5000', '2022-11-01', 'online'),
(8002, '6000', '2022-11-10', 'Cheqe');

-- --------------------------------------------------------

--
-- Table structure for table `payment`
--

CREATE TABLE `payment` (
  `PaymentId` int(11) NOT NULL,
  `Amount` int(11) NOT NULL,
  `PaymentType` varchar(40) NOT NULL,
  `BillingAddress` text NOT NULL,
  `ResidentEmail` varchar(50) NOT NULL
) ENGINE=InnoDB DEFAULT CHARSET=utf8mb4;

--
-- Dumping data for table `payment`
--

INSERT INTO `payment` (`PaymentId`, `Amount`, `PaymentType`, `BillingAddress`, `ResidentEmail`) VALUES
(1, 10000, 'Phone pay', 'Vijayawada', 'shiva@gmail.com');

-- --------------------------------------------------------

--
-- Table structure for table `prev_history_of_leasing`
--

CREATE TABLE `prev_history_of_leasing` (
  `resident_id` int(11) NOT NULL,
  `resident_mail` varchar(50) NOT NULL,
  `location` varchar(50) NOT NULL,
  `time_duration` varchar(50) NOT NULL
) ENGINE=InnoDB DEFAULT CHARSET=latin1;

--
-- Dumping data for table `prev_history_of_leasing`
--

INSERT INTO `prev_history_of_leasing` (`resident_id`, `resident_mail`, `location`, `time_duration`) VALUES
(1233, 'Vijay@gmailcom', 'Vijayawada', '2'),
(1234, 'raj@gmai.con', 'guntur', '3');

-- --------------------------------------------------------

--
-- Table structure for table `property`
--

CREATE TABLE `property` (
  `property_id` int(11) NOT NULL,
  `property_type` varchar(50) NOT NULL,
  `email` varchar(50) NOT NULL,
  `mobile` varchar(50) NOT NULL
) ENGINE=InnoDB DEFAULT CHARSET=latin1;

--
-- Dumping data for table `property`
--

INSERT INTO `property` (`property_id`, `property_type`, `email`, `mobile`) VALUES
(7001, 'Apartment', 'karun@gmail.com', '7842777270'),
(7002, 'individual', 'bhar@gmail.com', '8743546576');

-- --------------------------------------------------------

--
-- Table structure for table `property_details`
--

CREATE TABLE `property_details` (
  `property_id` int(11) NOT NULL,
  `apt_name` varchar(50) NOT NULL,
  `location` varchar(50) NOT NULL,
  `mail_id` varchar(50) NOT NULL,
  `mobile_num` varchar(50) NOT NULL,
  `services` text NOT NULL
) ENGINE=InnoDB DEFAULT CHARSET=latin1;

--
-- Dumping data for table `property_details`
--

INSERT INTO `property_details` (`property_id`, `apt_name`, `location`, `mail_id`, `mobile_num`, `services`) VALUES
(1778, 'XYZ', 'Japan', 'xyz@gmail.com', '8934546576', 'ac swimming'),
(1779, 'ABC', 'siva ram puram', 'abc@gmail.com', '9898345465', 'electric');

-- --------------------------------------------------------

--
-- Table structure for table `rental_history`
--

CREATE TABLE `rental_history` (
  `resident_id` int(11) NOT NULL,
  `paid_date` date NOT NULL,
  `amount` varchar(50) NOT NULL,
  `taxes` varchar(50) NOT NULL,
  `total` varchar(50) NOT NULL
) ENGINE=InnoDB DEFAULT CHARSET=latin1;

--
-- Dumping data for table `rental_history`
--

INSERT INTO `rental_history` (`resident_id`, `paid_date`, `amount`, `taxes`, `total`) VALUES
(1233, '2022-11-01', '7000', '700', '7700'),
(1234, '2022-11-10', '6000', '500', '6500');

-- --------------------------------------------------------

--
-- Table structure for table `resident`
--

CREATE TABLE `resident` (
  `resident_id` int(11) NOT NULL,
  `resident_name` varchar(50) NOT NULL,
  `resident_email` varchar(50) NOT NULL,
  `resident_mobile` varchar(50) NOT NULL
) ENGINE=InnoDB DEFAULT CHARSET=latin1;

--
-- Dumping data for table `resident`
--

INSERT INTO `resident` (`resident_id`, `resident_name`, `resident_email`, `resident_mobile`) VALUES
(1233, 'Karun Archade', 'karun@gmail.com', '9834546576'),
(1234, 'venu green', 'venu@gmail.com', '980943454');

-- --------------------------------------------------------

--
-- Table structure for table `resident_login`
--

CREATE TABLE `resident_login` (
  `resident_id` int(11) NOT NULL,
  `password` varchar(50) NOT NULL
) ENGINE=InnoDB DEFAULT CHARSET=latin1;

--
-- Dumping data for table `resident_login`
--

INSERT INTO `resident_login` (`resident_id`, `password`) VALUES
(1233, 'karun'),
(1234, 'rahul');

-- --------------------------------------------------------

--
-- Table structure for table `resident_review`
--

CREATE TABLE `resident_review` (
  `resident_id` int(11) NOT NULL,
  `resident_name` varchar(50) NOT NULL,
  `description` varchar(50) NOT NULL
) ENGINE=InnoDB DEFAULT CHARSET=latin1;

-- --------------------------------------------------------

--
-- Table structure for table `review`
--

CREATE TABLE `review` (
  `resident_id` int(11) NOT NULL,
  `resident_name` varchar(50) NOT NULL,
  `description` varchar(50) NOT NULL
) ENGINE=InnoDB DEFAULT CHARSET=latin1;

--
-- Dumping data for table `review`
--

INSERT INTO `review` (`resident_id`, `resident_name`, `description`) VALUES
(1, 'shiva@gmail.com', 'House is good');

-- --------------------------------------------------------

--
-- Table structure for table `services`
--

CREATE TABLE `services` (
  `service_id` int(11) NOT NULL,
  `service_name` varchar(50) NOT NULL
) ENGINE=InnoDB DEFAULT CHARSET=latin1;

--
-- Dumping data for table `services`
--

INSERT INTO `services` (`service_id`, `service_name`) VALUES
(8990, 'AC'),
(9845, 'Geyser'),
(9846, 'Electric');

-- --------------------------------------------------------

--
-- Table structure for table `service_history`
--

CREATE TABLE `service_history` (
  `service_id` int(11) NOT NULL,
  `service_name` varchar(50) NOT NULL,
  `service_history` varchar(50) NOT NULL,
  `technician` varchar(50) NOT NULL
) ENGINE=InnoDB DEFAULT CHARSET=latin1;

--
-- Dumping data for table `service_history`
--

INSERT INTO `service_history` (`service_id`, `service_name`, `service_history`, `technician`) VALUES
(8990, 'Fridge', 'Last Year', 'Karun'),
(9845, 'Table', '6Months', 'Raju');

-- --------------------------------------------------------

--
-- Table structure for table `techinican`
--

CREATE TABLE `techinican` (
  `techinican_id` int(11) NOT NULL,
  `techinican_name` varchar(50) NOT NULL,
  `techinican_mail` varchar(50) NOT NULL,
  `techinican_address` varchar(50) NOT NULL,
  `service_provided` varchar(50) NOT NULL,
  `service_id` varchar(50) NOT NULL,
  `working_hours` varchar(50) NOT NULL
) ENGINE=InnoDB DEFAULT CHARSET=latin1;

--
-- Dumping data for table `techinican`
--

INSERT INTO `techinican` (`techinican_id`, `techinican_name`, `techinican_mail`, `techinican_address`, `service_provided`, `service_id`, `working_hours`) VALUES
(8001, 'Karun', 'karun@gmail.com', 'Vijayawada', '24', '8990', '8Am - 9Pm'),
(8002, 'John', 'John@gmail.com', 'Guntur', '12', '9845', '9');

--
-- Indexes for dumped tables
--

--
-- Indexes for table `admin_login`
--
ALTER TABLE `admin_login`
  ADD PRIMARY KEY (`admin_id`);

--
-- Indexes for table `apartment`
--
ALTER TABLE `apartment`
  ADD PRIMARY KEY (`a_id`);

--
-- Indexes for table `applicant`
--
ALTER TABLE `applicant`
  ADD PRIMARY KEY (`app_id`);

--
-- Indexes for table `application_form`
--
ALTER TABLE `application_form`
  ADD PRIMARY KEY (`application_id`);

--
-- Indexes for table `application_form1`
--
ALTER TABLE `application_form1`
  ADD PRIMARY KEY (`application_id`);

--
-- Indexes for table `application_form2`
--
ALTER TABLE `application_form2`
  ADD PRIMARY KEY (`application_id`);

--
-- Indexes for table `complaint_booking`
--
ALTER TABLE `complaint_booking`
  ADD PRIMARY KEY (`complaint_id`);

--
-- Indexes for table `gated_community`
--
ALTER TABLE `gated_community`
  ADD PRIMARY KEY (`g_id`);

--
-- Indexes for table `individaul`
--
ALTER TABLE `individaul`
  ADD PRIMARY KEY (`ind_id`);

--
-- Indexes for table `location`
--
ALTER TABLE `location`
  ADD PRIMARY KEY (`street_num`);

--
-- Indexes for table `parking`
--
ALTER TABLE `parking`
  ADD PRIMARY KEY (`pid`);

--
-- Indexes for table `pay`
--
ALTER TABLE `pay`
  ADD PRIMARY KEY (`techinican_id`);

--
-- Indexes for table `payment`
--
ALTER TABLE `payment`
  ADD PRIMARY KEY (`PaymentId`);

--
-- Indexes for table `prev_history_of_leasing`
--
ALTER TABLE `prev_history_of_leasing`
  ADD PRIMARY KEY (`resident_id`);

--
-- Indexes for table `property`
--
ALTER TABLE `property`
  ADD PRIMARY KEY (`property_id`);

--
-- Indexes for table `property_details`
--
ALTER TABLE `property_details`
  ADD PRIMARY KEY (`property_id`);

--
-- Indexes for table `rental_history`
--
ALTER TABLE `rental_history`
  ADD PRIMARY KEY (`resident_id`);

--
-- Indexes for table `resident`
--
ALTER TABLE `resident`
  ADD PRIMARY KEY (`resident_id`);

--
-- Indexes for table `resident_login`
--
ALTER TABLE `resident_login`
  ADD PRIMARY KEY (`resident_id`);

--
-- Indexes for table `resident_review`
--
ALTER TABLE `resident_review`
  ADD PRIMARY KEY (`resident_id`);

--
-- Indexes for table `review`
--
ALTER TABLE `review`
  ADD PRIMARY KEY (`resident_id`);

--
-- Indexes for table `services`
--
ALTER TABLE `services`
  ADD PRIMARY KEY (`service_id`);

--
-- Indexes for table `service_history`
--
ALTER TABLE `service_history`
  ADD PRIMARY KEY (`service_id`);

--
-- Indexes for table `techinican`
--
ALTER TABLE `techinican`
  ADD PRIMARY KEY (`techinican_id`);

--
-- AUTO_INCREMENT for dumped tables
--

--
-- AUTO_INCREMENT for table `application_form`
--
ALTER TABLE `application_form`
  MODIFY `application_id` int(11) NOT NULL AUTO_INCREMENT, AUTO_INCREMENT=3;

--
-- AUTO_INCREMENT for table `application_form1`
--
ALTER TABLE `application_form1`
  MODIFY `application_id` int(11) NOT NULL AUTO_INCREMENT, AUTO_INCREMENT=3;

--
-- AUTO_INCREMENT for table `application_form2`
--
ALTER TABLE `application_form2`
  MODIFY `application_id` int(11) NOT NULL AUTO_INCREMENT, AUTO_INCREMENT=2;

--
-- AUTO_INCREMENT for table `complaint_booking`
--
ALTER TABLE `complaint_booking`
  MODIFY `complaint_id` int(11) NOT NULL AUTO_INCREMENT, AUTO_INCREMENT=3;

--
-- AUTO_INCREMENT for table `parking`
--
ALTER TABLE `parking`
  MODIFY `pid` int(11) NOT NULL AUTO_INCREMENT, AUTO_INCREMENT=2;

--
-- AUTO_INCREMENT for table `payment`
--
ALTER TABLE `payment`
  MODIFY `PaymentId` int(11) NOT NULL AUTO_INCREMENT, AUTO_INCREMENT=2;

--
-- AUTO_INCREMENT for table `review`
--
ALTER TABLE `review`
  MODIFY `resident_id` int(11) NOT NULL AUTO_INCREMENT, AUTO_INCREMENT=2;

--
-- Constraints for dumped tables
--

--
-- Constraints for table `pay`
--
ALTER TABLE `pay`
  ADD CONSTRAINT `pay_ibfk_1` FOREIGN KEY (`techinican_id`) REFERENCES `techinican` (`techinican_id`);

--
-- Constraints for table `prev_history_of_leasing`
--
ALTER TABLE `prev_history_of_leasing`
  ADD CONSTRAINT `prev_history_of_leasing_ibfk_1` FOREIGN KEY (`resident_id`) REFERENCES `resident_login` (`resident_id`);

--
-- Constraints for table `rental_history`
--
ALTER TABLE `rental_history`
  ADD CONSTRAINT `rental_history_ibfk_1` FOREIGN KEY (`resident_id`) REFERENCES `resident` (`resident_id`);

--
-- Constraints for table `resident`
--
ALTER TABLE `resident`
  ADD CONSTRAINT `resident_ibfk_1` FOREIGN KEY (`resident_id`) REFERENCES `resident_login` (`resident_id`);

--
-- Constraints for table `resident_review`
--
ALTER TABLE `resident_review`
  ADD CONSTRAINT `resident_review_ibfk_1` FOREIGN KEY (`resident_id`) REFERENCES `resident_login` (`resident_id`);

--
-- Constraints for table `service_history`
--
ALTER TABLE `service_history`
  ADD CONSTRAINT `service_history_ibfk_1` FOREIGN KEY (`service_id`) REFERENCES `services` (`service_id`);
COMMIT;

/*!40101 SET CHARACTER_SET_CLIENT=@OLD_CHARACTER_SET_CLIENT */;
/*!40101 SET CHARACTER_SET_RESULTS=@OLD_CHARACTER_SET_RESULTS */;
/*!40101 SET COLLATION_CONNECTION=@OLD_COLLATION_CONNECTION */;
